제목,링크,본문,날짜,감성 분석 결과
1월에도 주요 업종 카드소비 줄어…교육비까지 4년만에 감소,https://n.news.naver.com/mnews/article/001/0015257058,"학원비(CG)[연합뉴스TV 제공](서울=연합뉴스) 채새롬 기자 = 올해 1월에도 소비심리가 얼어붙으면서 주요 업종의 카드 매출이 감소했다. 가계 소비의 '보루'로 불리는 교육비 매출까지 4년 만에 감소한 것으로 나타났다.11일 여신금융협회의 '2025년 1월 카드 승인실적'을 보면 올해 1월 소비 관련 대부분의 업종에서 전년 동월 대비 매출이 감소했다.지난해 12월 비상계엄 사태로 타격을 받았던 숙박·음식점업은 올해 1월에도 카드 매출이 12조700억원으로 작년 동월 대비 2천200억원가량(1.8%) 줄었다.이 밖에도 전년 동월 대비 가장 매출 감소율이 큰 업종은 운수업으로 작년 1월 1조7천800억원에서 올해 1조6천500억원으로 7.6% 줄었다.보건업 및 사회복지 서비스업(6조700억원→6조100억원·1.1% 감소), 예술·스포츠·여가 관련 서비스업(1조원→9천800억원·1.7% 감소) 등의 매출도 줄줄이 감소했다.특히 눈에 띄는 것은 교육서비스업의 카드 매출이 1조7천400억원으로 전년 동월 대비 5.5% 줄어든 것이다. 교육서비스업 매출에는 유치원, 정규교육 기관, 사설학원, 기술 및 직업훈련학원 등이 들어간다.교육서비스업의 카드 매출이 전년 동월 대비 줄어든 것은 코로나19가 한창이던 2021년 1월(12.5% 감소) 이후 4년 만에 처음이다.카드업계 관계자는 ""통상 교육비는 가계 소비 '최후의 보루'로 여겨진다""며 ""소비심리 위축이 얼마나 심각한지를 보여주는 통계""라고 말했다.앞서 지난해 12월에는 주요 소비업종 중 숙박 및 음식점업(-0.7%), 예술·스포츠·여가 관련 서비스업(-2.7%)만 전년 동월 대비 카드 매출이 감소했다.한편 전자금융업, 세금 및 공과금 등이 포함된 1월 전체 카드 승인실적은 102조6천억원으로 작년 동월보다 3.2% 늘었다.1월 한국표준산업분류별 카드승인실적[여신금융협회 제공]srchae@yna.co.kr",2025.03.11.,중립
"현대제철 당진제철소, 직장폐쇄 보름만에 해제",https://n.news.naver.com/mnews/article/009/0005457082,"현대제철이 12일부로 당진제철소 1·2 냉연라인에 대한 직장폐쇄를 해제한다고 11일 밝혔다. 지난달 24일 직장폐쇄를 단행한 지 보름 만이다.현대제철 관계자는 ""12일 오전 7시 당진제철소 1·2 냉연 PL/TCM 부분의 직장폐쇄를 해제하기로 했다""면서 ""노조는 13일 오전 7시부로 부분파업을 철회할 예정""이라고 말했다.이 관계자는 ""노조의 부분파업 철회 이후 노사는 교섭을 재개해 임단협을 진행할 계획""이라고 덧붙였다.현대제철 노사는 지난해 9월부터 6개월 가까이 임금협상을 진행하던 중 성과급 액수를 두고 의견을 좁히지 못했고 갈등이 깊어졌다. 결국 노조는 올해 1월 21일 당진제철소 냉연공장에서 하루 동안 부분파업을 진행했고 2월 11일 전국 사업장에서 24시간 총파업을 했다.이에 맞서 사측은 당진제철소 냉연라인 일부에 대해 직장폐쇄를 단행했다. 현대제철은 2월 1~22일 노사분규로 냉연 부문에서 27만t가량의 생산 손실이 발생해 손실액이 254억원에 이를 것으로 추산된다고 밝힌 바 있다.[안두원 기자]",2025.03.11.,중립
"국세청, ‘홈플러스 사태’ MBK파트너스 세무조사",https://n.news.naver.com/mnews/article/021/0002695673,"홈플러스 강서 본사 전경. 홈플러스 제공MBK ""5년마다 이뤄지는 정기적 세무조사, 특별한 것 아냐""정무위는 홈플러스 임원 증익 채택 결의안 만장일치 통과""식음료 중심 일부 업종에 차등 지급 구두로 통보""입점 점주들 ""1월 매출 차등 지급 말라…분열책 의심""국세청이 국내 대형마트 업계 2위 홈플러스의 대주주인 사모펀드 MBK파트너스를 상대로 세무조사를 벌이고 있다.MBK파트너스가 홈플러스 기업회생에 나서며 모럴해저드 논란에 휩싸인 가운데 여야는 한목소리로 홈플러스의 최대 주주인 김병주 MBK 회장이 사태에 책임져야 한다고 강조한다.11일 관련 업계에 따르면 서울지방국세청 조사4국은 이날부터 MBK파트너스에 직원을 파견해 세무조사를 진행하고 있다.MBK파트너스 측은 이번 세무조사가 통상 4∼5년 단위로 이뤄지는 정기조사라는 입장이다.MBK파트너스 관계자는 ""2015년과 2020년에도 세무조사를 받았으며 5년마다 정기적으로 받고 있다""고 말했다.하지만 최근의 홈플러스 자금 이슈를 고려하면 서울청 조사4국이 폭넓게 특별(비정기) 세무조사 수준으로 들여다볼 것이라는 관측이 나온다.MBK파트너스는 2015년 막대한 차입금으로 홈플러스를 인수한 뒤 10년간 점포 매각 등으로 빚을 갚고 배당을 받는 등 투자 원금 회수에 주력했다. 홈플러스가 회생 절차를 신청하기 직전까지 투자자를 상대로 기업어음(CP) 등을 팔기도 했다.11일 국회 정무위원회 전체회의에서 ‘홈플러스·MBK 파트너스 사태에 대한 긴급 현안질의 관련 증인등 출석요구의 건’이 통과되고 있다. 연합뉴스또한 11일 국회 정무위원회는 여의도 국회 본관에서 ‘홈플러스·MBK 파트너스 사태에 대한 긴급 현안질의 관련 증인등 출석요구의 건’ 임시회의를 개최했다.정무위는 이날 회의에서 오는 18일 열리는 긴급 현안질의에 △김병주 MBK파트너스 회장 △김광일 MBK 파트너스 부회장 겸 홈플러스 공동대표 △조주연 홈플러스 공동대표 △금정호 신영증권 사장 △강경모 홈플러스 입점협회 부회장 등 5명에 대한 출석 요구 결의를 이의 없이 가결시켰다.민병덕 더불어민주당 의원은 ""현안질의 증인에 홈플러스 노조위원장 등 이해관계자가 추가된다면 피해자들이 불안한 사항에 대해 이야기할 수 있을 것""이라고 의견을 보탰다.이정문 민주당 의원은 11일 국회에서 열린 원내대책회의에서 ""오늘 개회되는 정무위원회의 증인 출석 요구에 응하고, 국민 앞에 나와 답할 것을 촉구한다""며 ""책임 있는 경영을 주장한 MBK가 이번 사태에서 어떤 역할을 했는지 철저히 따질 것""이라고 밝혔다.이 의원은 ""홈플러스 사태는 단순한 경영 실패가 아니라 사모펀드의 먹튀 자본 폐해""라며 ""MBK파트너스가 기업의 지속 가능성을 고려하지 않고 단기 이익 회수에만 집중한 결과, 홈플러스가 유통업체로서의 경쟁력을 상실했다""고 비판했다.또 이 의원은 ""정부와 금융당국이 홈플러스 사태를 방관한 것이 아닌지 철저히 검증할 것""이라며 ""MBK가 한국 사회에서 기업을 단순한 수익 창출 도구로 악용한 과정과 그로 인해 발생한 피해를 사회적 책임으로 돌릴 것을 요구할 것""이라고 말했다. 그러면서 ""민주당은 한국경제가 사모펀드의 먹잇감이 되는 것을 방관할 수 없다""며 제도적 대책을 마련하겠다고 했다.김용태 국민의힘 비상대책위원은 이날 자신의 사회관계망서비스(SNS)에 ""홈플러스가 기업회생 절차에 들어가면서 6,7%의 높은 금리로 투자자를 끌어들인 홈플러스의 무담보 CP와 전단채는 사실상 휴지조각이 될 가능성이 커졌다""며 ""문제는 현재 정확한 피해금액조차 파악되지 않고 있다는 점""이라고 이야기했다.김 위원은 ""금감원을 비롯한 금융당국과 사법당국에 홈플러스와 MBK파트너스의 사기성 채권발행 의혹에 대해 신속하고 철저한 조사와 수사에 나서줄 것을 촉구한다""며 ""국회 역시 다음주 화요일로 예정된 ‘홈플러스와 MBK파트너스 사태’ 현안질의 등을 통해 진상규명을 시작한다""고 밝혔다. 또한 ""MBK파트너스가 고려아연 경영권 장악을 시도하고 있는데, 부도덕한 투자자본에 국가기간산업이 넘어가지 않도록 면밀히 살피겠다""고 다짐했다.하태경 보험연수원장(전 국민의힘 국회의원)도 이날 자신의 SNS에 ""홈플러스의 실적 부진과 점포 매각으로 재무상태가 악화된 것을 MBK는 너무나 잘 알고 있었다""며 ""2월28일 치명적 신용등급 급락 직전인 25일에도 어음 발행이 지속됐다""고 밝혔다. 이어 ""MBK의 행위가 사기라면 동양그룹 대표처럼 엄중한 처벌이 필요하다""며 ""검찰은 금융사기 즉각 수사에 나서 진상을 규명하고 피해 확산을 막아야 한다""고 강조했다.김병주 MBK파트너스 회장. 뉴시스홈플러스가 기업회생절차에 들어가면서 점포 내 입점 업체들이 지난 1월분의 매출을 정산받지 못한 것으로 나타났다.홈플러스 매장을 빌려 영업하는 입점 점주들은 11일 ""1월분 매출금을 차등 지급하지 말라""며 ""이는 점주들의 대항과 대응을 약화하는 분열책으로 의심된다""고 주장했다.홈플러스 입점 점주들이 참여하는 대규모점포입점점주협의회와 한국중소상인자영업자총연합회는 이날 입장문을 통해 ""홈플러스 본사가 1월 매출금 정산 지급을 전체 업종이 아닌 식음료 중심 일부 업종에 제한해 구두 통보했다""고 전했다.이어 ""1월분 정산금 지급을 일부 업체에만 하지 말고, 공식 입장을 통해 차등 없는 정산 계획을 알려달라""고 촉구했다.이들 단체는 아울러 ""대규모유통업법 개정을 통해 정산 주기를 1주일로 단축하고, 작년 티메프 사태처럼 정산대금의 유용이나 기업회생절차에 대비해 정산금을 보호할 수 있는 장치를 마련해야 한다""고 요구했다.서울회생법원은 이날 홈플러스 매장 내 점포 임차인들에 대한 올해 1월분, 2월분 미지급 정산대금 총 1천127억원을 변제하라고 승인했다.법원은 지난 7일 홈플러스의 협력사에 대한 작년 12월∼올해 2월 물품·용역대금 3천457억원 지급도 승인했다.홈플러스는 ""현재까지 밀린 상거래채권 1천억원 이상을 지급했으나 모든 대금을 한 번에 지급할 수는 없다""며 ""각 업체와 개별적인 협의를 통해 순차 지급 중""이라고 밝혔다.홈플러스는 삼성, LG 등 대기업에는 조기 변제 계획서를 제공했으나 소상공인 입점업체엔 구체적인 계획을 통보하지 않은 것으로 전해졌다.홈플러스 입점사는 약 8000곳에 이르는데 이들 중 상당수가 일정 금액을 월임차료로 내는 방식보다 홈플러스의 POS(판매시점관리) 단말기를 사용한 후 한 달 뒤 임차료를 제외하고 매출을 정산받는 방식을 이용하고 있다.홈플러스는 지난 6일부터 자체적으로 지급이 가능한 ‘공익채권’부터 순차적으로 지급 중에 있고 ‘회생채권’은 앞으로 지급이 진행될 예정이라고 밝혔다.",2025.03.11.,부정
美경기침체 우려에 원·달러 환율 1460원 육박,https://n.news.naver.com/mnews/article/448/0000513095,"미국 경기침체 우려에 따른 안전자산 선호 심리에 따라 달러 대비 원화 환율이 상승했다.11일 서울 외환시장에서 오후 3시 30분 기준 원달러 환율은 어제보다 5.9원 오른 1,458.2원으로 마감했다.환율은 6.8원 오른 1459.1원으로 출발한 뒤 한 때 1460원을 넘었다.도널드 트럼프 미국 대통령은 전날 인터뷰에서 올해 경기침체를 예상하느냐는 질문에 ""과도기(transition)가 있다""며 ""우리가 하는 일이 매우 큰 일이기 때문""이라고 답했다.미국 경기침체 우려가 촉발된 발언으로, 위험자산 회피·안전자산 선호 심리가 강화되면서 원화 약세 요인으로 작용한 것으로 풀이된다.주요 6개국 통화 대비 달러 가치를 나타내는 달러인덱스는 전날보다 0.03% 내린 103.751을 나타냈다.같은 시각 원엔 재정환율은 100엔당 989.85원에 거래됐다. 전날 오후 3시 30분 기준가보다 5.81원 올랐다.오후 3시 30분 기준가로 봤을 때 2023년 5월 12일(990.39원) 이후 최고치다.이는 안전자산인 엔화 강세와 원화 약세가 맞물린 결과로 풀이된다.엔달러 환율은 전날보다 0.18% 내린 147.319엔을 나타냈다.",2025.03.11.,긍정
국민주 삼성전자 '소액주주 500만' 회복...1년새 49만명↑,https://n.news.naver.com/mnews/article/374/0000429175,[20일 오전 경기도 수원시 영통구 수원컨벤션센터에서 제55기 삼성전자 정기주주총회가 개최되고 있다. (사진=연합뉴스)]'국민주' 삼성전자 주식을 보유한 소액주주 수가 1년 사이 49만명 가까이 늘면서 '500만 주주'를 회복했습니다.반도체 실적 악화에 주가가 박스권에 머물렀지만 저점 매수를 위한 개인투자자들이 늘어났기 때문으로 분석됩니다.11일 삼성전자가 공시한 사업보고서에 따르면 지난해 12월 말 삼성전자 소액주주는 총 516만210명으로 작년 말 467만2천39명과 비교해 48만8천171명 증가했습니다.이는 6개월 전인 작년 6월 말(424만7천611명)과 비교하면 91만2천599명 늘어난 것입니다.삼성전자 총발행 주식의 68.23%는 소액주주들이 보유하고 있습니다.지난해 중반까지 작년 초 7만9천600원으로 고점을 찍었던 주가가 같은 해 3월 8만원을 돌파한 이후 다시 하락세에 접어들면서 주주 이탈이 가속하는 모습을 보였습니다.하지만 이후 주주 수가 상승추세를 보인 데는 지난해 11월 삼성전자의 3조원 이상 자사주 소각 결정 발표에 따라 주가 상승 기대심리가 작용했기 때문으로 풀이됩니다.이와 함께 현재 5만원대 박스권을 맴도는 주가를 저점에서 매수하려는 개인투자자들이 늘어났다는 점도 영향을 끼친 것으로 보입니다.삼성전자 소액주주는 주식 투자 열풍에 힘입어 2020년 말 215만3천969명에서 2021년 말 506만6천351명으로 1년 만에 2배 이상 급증한 데 이어 2022년 9월 600만명을 돌파한 이후 같은 해 4분기를 기점으로 점차 줄어드는 모습을 보였습니다.당신의 제보가 뉴스로 만들어집니다.SBS Biz는 여러분의 제보를 기다리고 있습니다.홈페이지 = https://url.kr/9pghjn,2025.03.11.,긍정
"LG·삼성, 한층 강화된 AI 앞세워 프리미엄 TV 시장 공략 확대",https://n.news.naver.com/mnews/article/032/0003355983,"백선필 LG전자 TV상품기획담당이 2025 LG 올레드 에보(G5) 제품 성능을 설명하고 있다. LG전자 제공LG전자와 삼성전자가 한층 강화된 인공지능(AI) 기능을 앞세워 프리미엄 TV 시장에서 경쟁한다. 중국 업체의 추격에도 프리미엄 TV 분야에선 두 기업의 영향력이 공고한 만큼 ‘AI TV’로 입지를 더욱 확대하겠다는 구상이다.LG전자는 11일 서울 강서구 LG사이언스파크에서 2025년형 TV 신제품 브리핑을 열고 “차별화된 AI 기능과 향상된 화질로 프리미엄 시장 TV 리더십 강화에 나선다”고 밝혔다. 올해 LG전자는 글로벌 시장 1위인 올레드(OLED·유기발광다이오드) TV뿐만 아니라 액정표시장치(LCD) 패널을 기반으로 한 고급 제품군인 QNED TV를 함께 앞세우는 ‘듀얼 트랙’ 전략을 편다. 신제품은 오는 18일 국내를 시작으로 글로벌 시장에 순차 출시한다.LG전자는 2025년형 TV 신제품에 리모컨 버튼 하나로 손쉽게 이용할 수 있는 AI 기능을 탑재했다. AI 챗봇 기능은 “화면이 어두워진 원인을 찾아줘”와 같이 TV에 발생한 간단한 문제를 문의하면 고객센터에 전화하지 않고도 해결할 수 있게 돕는다. 예시 중 마음에 드는 화면·소리를 고르면 가장 적합한 모드를 제안해주는 기능, 목소리로 사용자를 구분해 계정을 전환해주는 기능도 있다. 이날 행사에선 시연자가 “내가 최근에 본 거 틀어줘”라고 말하니 시연자가 설정해놓은 화면 모드로 바뀌면서 요청에 맞는 콘텐츠가 제시됐다. AI 서치 기능은 “배우 윤여정이 아카데미상을 받은 영화”라고 말하면 “<미나리>입니다”라고 답하는 식으로 작동한다.2025년형 신제품에 신기술을 적용해 화질을 한층 끌어올렸다고 회사는 설명했다. 예를 들어 LG 올레드 에보는 최대 밝기가 일반 올레드 TV 대비 3배에 이르고, 자체 개발한 OLED 전용 화질·음질 AI 프로세서 ‘알파11’을 탑재해 화질과 음질을 강화했다. QNED TV의 경우 초대형·프리미엄 LCD TV 수요를 반영해 100형 제품도 내놨다.백선필 LG전자 TV상품기획담당은 TCL 등 가격 경쟁력을 앞세운 중국 업체의 한국 시장 공세에 대해 “중국 업체가 헤게모니를 잡은 건 패널 쪽”이라며 “하드웨어 측면에서 근육은 충분하지만 시스템온칩(SoC), 운영체제(OS)와 같은 브레인 면에서 격차가 있다고 생각한다”고 말했다.삼성전자 모델이 2025년형 AI TV 신제품 ‘Neo QLED 8K’와 ‘OLED’를 체험하고 있다. 삼성전자 제공삼성전자는 12일부터 신규 AI 기능을 탑재한 프리미엄 LCD 기반의 네오(Neo) QLED와 OLED TV 신제품 사전 판매를 시작한다. 새로운 AI 기능이 탑재된 일반 QLED 신모델도 이르면 다음달 선보이며 ‘AI 스크린 대중화’를 꾀한다.신규 AI 기능은 ‘홈 인사이트’ ‘홈 모니터링’ ‘클릭 투 서치’ 등이다. 홈 인사이트 기능은 사용자의 생활 패턴과 기기 사용 이력, 집안 현재 환경을 고려해 ‘부재 중 기기 전원 끄기’와 같이 필요한 행동을 추천한다. 홈 모니터링의 경우 TV가 꺼진 상태에서 이상 움직임이 감지되면 사용자의 모바일 기기 또는 다른 TV로 알람을 보낸다. 2025년형 TV 리모컨에는 ‘클릭 투 서치’를 바로 실행할 수 있는 AI 버튼이 추가됐다. 버튼을 누르면 시청 중인 콘텐츠와 유사한 프로그램과 등장인물 등 관련 정보를 확인할 수 있다.",2025.03.11.,중립
"금감원, 홈플러스 CP 등 개인 판매액 파악 나서",https://n.news.naver.com/mnews/article/422/0000719956,"[연합뉴스 제공]홈플러스가 기업회생절차에 들어가면서 기업어음(CP)과 전자단기사채(STB)를 매입한 개인 투자자의 손실 우려가 커지자 금융감독원이 현황 파악에 나섰습니다.금감원은 오늘(10일) 각 증권사에 공문을 보내 홈플러스 관련 기업어음과, 전자단기사채, 카드대금채권을 기초로 발행된 유동화증권(ABSTB·자산유동화 전자단기사채) 중 개인 대상 판매 금액을 오는 12일까지 제출하라고 요청했습니다.금융권에 따르면 금융사 부채와 리스 부채 등을 제외한 홈플러스의 이들 금융채권은 카드대금채권을 기초로 발행된 유동화증권 약 4천억원, 기업어음, 전단채 약 2천억원 등으로 모두 약 6천억원 규모입니다.금융권은 홈플러스의 신용등급을 고려했을 때 대부분 물량이 대형 기관투자자가 아닌 일반 개인과 법인을 대상으로 한 소매판매된 것으로 추정하고 있습니다.금감원 관계자는 ""현재 불완전판매 등을 예단할 수 있는 상황은 아니다""라며 ""개인 손해가 예상되는 만큼 현황 파악을 위해 자료를 요청했다""고 말했습니다.#금감원 #홈플러스 #CP #연합뉴스TV 기사문의 및 제보 : 카톡/라인 jebo23",2025.03.10.,중립
"절정 치닫는 고려아연 분쟁, '수 싸움' 더 가열된다",https://n.news.naver.com/mnews/article/648/0000034198,"고려아연, 주중 이사회…정기주총 안건 확정 예정MBK-영풍, 이사회 재편 노릴 듯…최윤범 방어 총력진짜 '표싸움'…공격모드 최윤범 VS 물밑작업 MBK고려아연의 경영권 분쟁의 분수령이 될 정기 주주총회를 앞두고 최윤범 고려아연 회장 측과 MBK-영풍 연합 측의 수 싸움이 더욱 복잡해지고 있다. 법원이 MBK-영풍 연합이 요청했던 1월 임시주주총회 통화 안건 의결권 제한 가처분 신청을 일부 인용하면서 다시 '표싸움'으로 접어들 가능성이 높아지면서다.업계에서는 어느 한쪽이 우세를 잡았다고 보기 어렵다고 보고 있다. 최윤범 고려아연 회장 측이 집중투표제를 사수하기는 했지만 주주총회에서 승기를 잡았다고 보기는 어렵다. MBK-영풍 연합 측은 최윤범 회장보다는 많은 지분을 확보하긴 했지만, 최근 홈플러스의 기업회생절차를 두고 부정적인 여론이 강해진 것이 상당한 부담이다.정기주총 소집 두고 고심하나11일 업계에 따르면 고려아연은 아직까지 제51기 정기주주총회 소집 공고를 내지 못하고 있다. 관련 법상 주주총회는 결산일 이후 3개월 이내에 주주총회를 개최하도록 돼 있다. 2024년에 대한 결산보고라는 점을 고려하면 이달 31일까지가 '데드라인'이다.이는 앞선 행보와는 사뭇 다르다. 고려아연은 지난 2007년 이후 통상 2월 중, 늦어도 3월 첫째주에는 정기주총 소집을 공시했다.이처럼 주총 소집 공고가 늦어지는 이유는 안건 등을 확정하지 못했기 때문이다. 정기 주총 소집은 이사회의 결의 이후 확정해야 하는데, 이사회 자체가 열리지 못하면서 지연되고 있다는 얘기다.고려아연 관계자는 ""정기주총 안건을 논의하는 이사회를 이번주 중 개최하고 계획을 공시할 것""이라며 ""2주 전에 소집 공고를 공시하면 되기 때문에 3월 19일까지는 시간 여유가 있다""고 말했다.업계에서는 주총에 올릴 안건 자체를 두고 최윤범 회장측과 MBK-영풍 연합간의 수싸움이 이어지면서 이사회 역시 늦어지고 있다고 본다. 경영권 확보를 염두에 두다보니 어떠한 안건을 올릴 것이냐부터 고심하고 있다는 얘기다.업계 한 관계자는 ""지난번 임시 주주총회 때와는 다르게 집중투표제를 통해 안건 가부를 결정하기 때문에 확실하게 이길 수 있는 카드를 내야하는 상황이다""고 말했다.이어 ""현재 고려아연의 외국인 주주비율은 12%가량인데 어느 한 쪽 편만 들지 않고 사안별로 투자에 유리한 방안을 고려할 것""이라며 ""외국인 투자자 의견에 따라 상황이 갈릴 수 있기 때문에 단순하게 한쪽에게만 유리한 안건을 상정하기는 어려울 것""이라고 덧붙였다.어떤 카드 내놓을까업계에서는 이번 정기 주주총회에서의 핵심은 고려아연의 이사회가 어떻게 구성되느냐로 본다. 지난 임시주주총회 통화 안건 중 새롭게 선임된 7명의 사외이사 안건 효력이 정지됐기 때문에 다시금 이사회를 꾸릴 사외이사를 추천해야 하는 상황이어서다.일단 MBK-영풍 연합 측은 또 한 번 고려아연의 이사회 수 상한을 없애는 안건을 도입하면서 대규모로 사외이사를 추천해 경영권 확보에 나설 것으로 보인다.다른 업계 관계자는 ""MBK-영풍 측에서 지난 임시주주총회에서는 10명의 사외이사를 추천했는데, 이번 정기주주총회에서는 이보다 많은 인사들을 추천해서 이사회 장악에 나설 것으로 알려진 상황""이라고 말했다.이사회 과반 확보에 나선 이후 추가 임시 주주총회 등을 연이어 개최해 이사회를 완전히 장악하는 시나리오란 얘기다. 최윤범 회장 측 역시 이사회 수성을 위한 명단을 다시금 고민할 것이라고 덧붙였다.그는 ""확실한 카드를 준비해야 하는 상황이어서 고심이 이어지고 있을 것""이라며 ""일부 기관투자자들의 경우 인사 성격에 따라 찬성과 반대 여부를 결정하기 때문에 단순히 우호적일 것이라는 판단으로 후보를 골랐다간 경영권 분쟁에서 패배할 수 있는 상황""이라고 덧붙였다.이제는 '진짜' 표대결앞선 임시주주총회에서는 최윤범 회장 측이 MBK-영풍 측이 보유한 의결권을 상호출자제한이라는 카드로 제한했던 것과 달리 이번 정기주주총회에서는 '찐' 표대결이 진행될 것으로 관측된다.전날(10일) 최윤범 회장 측은 고려아연의 지분 0.54%를 추가로 보유하게 됐다고 공시했다. 이에 따라 최윤범 회장 측의 지분 비율은 종전 17.50%에서 18.04%로 증가했고, 총 우호지분 역시 39.70%로 늘었을 것으로 관측된다. 정기 주주총회를 위한 주주명부가 확정되지 않았기 때문에 막판까지 표를 확보하기 위한 작업을 진행한 것으로 분석된다.MBK와 영풍측은 현재 46.72%의 지분을 확보한 것으로 전해지면서 전체적인 우호지분은 최윤범 회장 측보다 앞서지만 확실하게 승기를 잡을 수 있는 수준은 아니라는 평가다. 특히 이번 주주총회의 핵심은 신규 이사 선임이 될 것으로 전망되는데, 지난 임시주주총회에서 집중투표제가 도입되면서 단순 지분율이 높다고 유리한 고지를 확보했다고 보기는 어렵다.집중투표제란 2명 이상의 이사를 선임할 때 선임 이사 수만큼 의결권을 부여하고 이를 원하는 후보에게만 몰아줄 수 있도록 하는 투표방식을 말한다. 지분이 아무리 높다고 해도 주주총회를 주도하기 어려울 수 있어 이번 정기 주총의 결정적인 변수가 될 가능성이 크다.따라서 '캐스팅 보트'가 될 수 있는 나머지 주주들이 어느 손을 들어주느냐가 이번 정기주총에서는 그 어느 때보다 중요하게 됐다. 이전보다 더 치열한 '표싸움'이 될 수 있다는 의미다. 따라서 정기 주총 이전에 양 측이 주주 설득을 위한 총력전에 나설 것으로 업계는  관측이다.금융투자업계 한 관계자는 ""최윤범 회장 측이 회사 임직원, 지역사회 등을 중심으로 표심 모으기에 열중해왔고 최근에는 직접 메시지를 내며 더욱 적극적으로 움직이고 있다""며 ""반면 MBK-영풍 측은 최근 홈플러스의 기업회생으로 인해 MBK의 투자전략에 대한 부정적인 여론이 강해지고 있어 섣부르게 나서긴 어려운 상황""이라고 말했다.이어 ""MBK-영풍 측은 일단 지분 자체가 최 회장 측보다 많기 때문에 물밑작업에 더욱 열중인 것으로 안다""고 덧붙였다.",2025.03.11.,중립
"가상화폐 비트코인, 11일만에 다시 8만 달러선 무너져",https://n.news.naver.com/mnews/article/422/0000720187,"가상화폐 대장주 비트코인 가격이 8만 달러선 아래로 떨어졌습니다.미 가상화폐 거래소 코인베이스에 따르면 오늘(11일) 오전 5시 23분, 비트코인 1개당 가격은 7만8천682달러, 약 1억1천480만원에 거래됐습니다.24시간 전보다 5.22% 떨어진 것으로, 비트코인이 8만 달러선 아래로 내려간 것은 지난달 27일 이후 11일 만입니다.지난 6일 트럼프 대통령이 가상화폐를 전략적으로 비축하는 행정명령에 서명했지만, 미 정부가 세금으로 가상화폐를 구매하지 않을 것이라고 발표하며 직접 매입을 기대했던 시장에 실망감을 안겼습니다.또 관세 전쟁으로 촉발된 경기 침체 우려 확산도 영향을 미친 것으로 분석됩니다.#비트코인 #가상화폐 #관세 #트럼프연합뉴스TV 기사문의 및 제보 : 카톡/라인 jebo23",2025.03.11.,중립
"동서식품, 홈플러스 납품 재개…식품사 속속 복귀",https://n.news.naver.com/mnews/article/018/0005959537,"대금지급 관련 협의 마무리, 12일부터 납품삼양·오뚜기·롯데웰푸드 등 잇따라 납품재개홈플 측 “상거래 채권 지급 완료해 불안 해소할 것”[이데일리 김정유 기자] 동서(026960)식품이 홈플러스에 납품을 재개한다. 기업회생 절차 속 홈플러스 납품 중단 문제가 하나둘 해소되는 모양새다.서울 한 홈플러스 매장의 모습. (사진=연합뉴스)10일 동서식품에 따르면 이 회사는 최근 홈플러스와 협의를 진행을 끝내고 11일 주문분부터 거래를 재개할 예정이다. 동서식품은 지난 4일 홈플러스가 기업회생 절차에 들어간 이틀후인 6일부터 납품을 중단했다.회사 관계자는 “그간 우려가 있던 대금지급에 대한 불확실성을 홈플러스 측과 협의를 통해 해소했다”며 “11일 주문분, 즉 12일부터 납품을 재개할 방침”이라고 말했다.동서식품에 앞서 롯데웰푸드(280360)도 지난 6일부터 홈플러스 납품을 중단했지만 협의 끝에 8일부터 재개했다. 오뚜기(007310) 역시 지난 7일부터 납품을 재개했다. 회사 관계자는 “홈플러스와 대금지급 관련 협의를 마쳤고, 소비자 혼란 등을 최소화하기 위해 결정한 것”이라고 밝혔다.삼양식품(003230)도 이날부터 홈플러스에 제품을 다시 공급했다. 역시 대금지급 관련 홈플러스 측과의 협의가 끝난 직후 진행됐다.홈플러스 기업회생 절차 이후 릴레이 납품 중단을 이어왔던 식품업체들이 하나둘 공급을 재개하는 모습이다.앞서 대형 식품사인 CJ제일제당(097950)과 농심(004370)은 사태가 불거졌을 초기부터 납품을 유지하고 있다.이처럼 주요 식품사들이 홈플러스 납품을 재개하거나 유지하면서 협력사 이탈로 고비를 맞았던 홈플러스도 한숨을 돌리게 됐다.홈플러스 측도 이날 보도자료를 내고 “회생절차가 개시되면서 일시 지급 중지됐던 일반 상거래 채권에 대해 지난 6일부터 자체 지급 가능한 ‘공익채권’부터 순차적으로 지급 중에 있다”며 “‘회생채권 변제 허가 신청’도 지난 7일 법원 승인을 받음에 따라 모든 상거래 채권을 지급 완료해 협력사 불안, 불편을 최소화하겠다”고 밝혔다.회생절차가 개시된 지난 4일 이전 20일 내에 발생한 채권은 공익채권으로 분류된다. 홈플러스는 향후 소상공인·영세업자·인건비성 회생채권을 우선적으로 지급하고 대기업 채권도 분할 상환할 예정이다. 또 대금 정산 지연으로 인해 협력사가 긴급자금 대출을 받을 경우 이자도 지급할 방침이다.",2025.03.10.,중립
5800조 날아갔는데 “이 정도쯤이야” 말한 트럼프...주식시장 ‘지하실’ 멀었다,https://n.news.naver.com/mnews/article/009/0005457111,"미국 증시 블랙먼데이...M7 시총 1100조원 증발비관적 전망에 패닉셀 이어져S&P500 고점 대비 8% 하락韓GDP 2배 넘는 자금 사라져JP모건 “美침체 확률 40%”골드만, 성장률 1.7%로 하향WSJ “마구잡이 관세 보류를”도널드 트럼프 미국 대통령 [사진 = 연합뉴스]도널드 트럼프발 관세 정책으로 미국 경제가 침체의 늪에 직면했다.뉴욕증시는 하락을 거듭한 끝에 조정장에 진입했고 그사이 시가총액은 우리나라 국내총생산(GDP)의 2배가 증발했다. 월가에서는 미국의 침체 가능성을 높이고 성장률을 낮추는 등 경고 목소리가 커지고 있다.10일(현지시간) 뉴욕증시에서 S&P500지수는 전 거래일 대비 2.7% 급락했다. 올해 들어 최대 낙폭이다. 지난달 19일 사상 최고치 대비 8.6% 빠져 조정 구간 진입(10%)을 목전에 뒀다. 이 기간 지수 편입 종목들의 시총은 4조달러(약 5800조원) 증발했다. 최근 한국은행이 발표한 지난해 한국 명목GDP(1조8689억달러)의 2배가 넘는 규모다.이날 기술주가 주가 하락을 이끌면서 나스닥은 4.0% 급락했다. 이 같은 낙폭은 2년 반 만에 가장 컸고 지수는 6개월 만에 최저 수준을 기록했다.특히 ‘매그니피센트7(M7)’의 급락이 두드러졌다.테슬라가 15.4% 폭락해 낙폭이 가장 컸고 엔비디아(-5.1%), 애플(-4.9%), 구글(-4.5%), 메타(-4.4%), 마이크로소프트(-3.3%), 아마존(-2.4%) 등이 뒤를 이었다. 테슬라는 지난해 12월 중순 고점 이후 절반의 가치가 날아갔다. 일론 머스크 테슬라 최고경영자(CEO)는 이날 폭스비즈니스 인터뷰에서 “(사업이) 대단한 어려움에 있다”고 말하며 크게 한숨을 내쉬는 모습을 보였다. 이날 하루 M7의 시총은 7580억달러(약 1100조원) 사라졌다.도널드 트럼프 미국 대통령이 증시 하락에 큰 의미를 두지 않고 관세 정책을 추진할 뜻을 밝힌 게 증시에 큰 충격을 줬다. 그는 최근 주가 지수 조정폭에 대해 “공정하게 말하면 ‘많이’는 아니다”며 “내가 하려는 것은 강한 국가를 건설하는 것이고 우리는 옳은 일을 해야 한다”고 강조했다. 트럼프 행정부는 12일 철강과 알루미늄에 25% 관세를 부과할 계획이다.증시 전문가들은 트럼프발 불확실성이 지속되는 한 당분간 증시 조정은 불가피하다고 분석한다.윤제성 뉴욕생명자산운용 최고투자책임자(CIO)는 매일경제와의 인터뷰에서 “트럼프에 대한 두려움으로 투매가 이어지고 있어 단기적으로 하락장이 지속될 것”이라면서 “특히 겁먹은 개인투자자들이 기술주를 팔기 시작하면 어디서 끝날지 알 수 없다”고 경고했다. 다만 그는 올 하반기 트럼프 압박에 전 세계 기업들의 미국 투자가 본격화하면 미국 경제를 지탱하고 주가도 반등할 수 있다고 내다봤다.한편 월가 대형 금융기관들은 일제히 경기 침체에 대한 경고를 울렸다.JP모건체이스는 올해 미국 경제가 침체에 빠질 확률을 올해 초 30%에서 이날 40%로 상향 조정했다. 브루스 캐스먼JP모건 수석이코노미스트는 “극단적인 미국 행정부 정책으로 인해 미국이 올해 경기 침체에 빠질 위험이 있다”고 평가했다.골드만삭스는 올해 미국 경제 성장률 전망치를 이날 종전 2.4%에서 1.7%로 대폭 하향 조정했다. 얀 하치우스 골드만삭스 수석이코노미스트는 트럼프 행정부가 훨씬 나쁜 지표에 직면해도 기존 정책에 계속 집착한다면 침체 확률이 더 높아질 수 있다고 경고했다. 모건스탠리는 이미 지난주 미국의 올해 성장률 전망치를 1.5%로 낮췄다.미국 침체에 대한 우려는 애틀랜타 연방준비은행의 성장률 예측 모델인 GDP나우에서도 확인됐다. 이날 애틀랜타 연은은 올 1분기 미국 GDP 성장률을 전 분기 대비 연율 기준 -2.4%로 전망했다.시장 충격이 현실화하자 백악관은 진화에 나섰다.이날 백악관 풀기자단에 따르면 백악관 당국자는 이날 증시 급락과 관련된 성명에서 “주식시장의 동물적인 감각과 우리가 업계와 업계 리더들로부터 실질적으로 파악하는 바 사이에는 큰 차이가 있다”면서 “중장기적으로 경제에 미칠 영향을 볼 때 후자가 확실히 전자에 비해 의미가 있다”고 주장했다.이날 트럼프 대통령의 ‘테크기업 CEO 라운드테이블’과 행정명령 서명식, 비밀경호국장 취임 선서식 등 주요 일정 3개는 예전과 달리 언론에 모두발언도 공개되지 않았다. 지난주까지만 해도 트럼프 대통령은 일정이 ‘비공개’라고 해도 풀기자단과 문답을 주고받는 장면을 연출하곤 했지만, 이날은 3개 일정 모두 언론과 접촉하지 않았다.트럼프 대통령의 이 같은 ‘이례적’ 선택과 관련해 정확한 배경은 알려지지 않았지만 미국의 증시 급락과 무관하지 않을 것이라는 추측도 나온다.",2025.03.11.,부정
“美 경기둔화 확실… 속도가 관건” [트럼프發 'R의 공포' 확산],https://n.news.naver.com/mnews/article/022/0004018016,"한국 경제 미칠 영향은침체 경착륙 땐 세계 금융시장 패닉韓 수출 이미 역성장·내수부진 심화관세 폭탄 땐 성장률 추가 하락 경고도널드 트럼프 미국 대통령이 경기침체를 불사하고라도 관세 정책을 추진하겠다고 밝히면서 한국 경제도 최악의 시나리오를 대비해야 하는 상황이다. 올해 들어 1, 2월(합산) 수출이 역성장하고, 내수 부진이 심화하는 가운데 미국의 경기침체가 현실화하면 우리 경제는 더 큰 충격을 받을 수 있기 때문이다.도널드 트럼프 미국 대통령. AP연합뉴스전문가들은 트럼프 대통령이 과격한 관세 정책을 고수하면 미국의 경기침체는 불가피하고, 물가까지 오르는 스태그플레이션 가능성도 커진다고 진단했다. 관건은 미국 경기가 얼마나 빨리 식느냐이다.허준영 서강대(경제학과) 교수는 “보통 2개 분기 연속 역성장하면 경기침체로 보는데 지금으로선 미국 경제가 2개 분기 역성장할 가능성이 높아 보인다. 즉 미국 경제가 둔화하는 것은 확실하다”면서 “미국의 경기침체가 급격하게 오면 전 세계 금융시장이 패닉에 빠질 수 있다”고 분석했다.미국 경기가 서서히 식으면 달러가 약세로 전환해 미 연방준비제도(Fed·연준)도 정책금리를 내릴 명분이 생기고, 한국은행 역시 경기 부양을 위해 금리 인하에 나설 수 있다. 반면 경기침체가 급격하게 진행되면 불안 심리가 증폭돼 안전자산인 달러로 수요가 몰리고, 강달러 기조로 인해 중앙은행들이 금리를 낮추기 어려워진다.주원 현대경제연구원 실장은 “현재 미국 물가가 불안하기 때문에 연준이 금리 인하를 천천히 하겠다고 하면 주가는 계속 빠지고 환율은 계속 높은 레벨을 유지할 것”이라며 “미 연준은 ‘트럼프가 용인하는 경기침체’를 방어하기 위한 금리 정책을 펼 분위기가 아니다”라고 전망했다.트럼프 행정부가 촉발한 관세 전쟁의 부메랑은 우리 수출에도 직격탄이다.사진=연합뉴스이태규 한국경제인협회 글로벌리스크팀장은 “트럼프가 관세정책을 강행하면 캐나다와 멕시코의 대미 수출이 감소하고, 캐나다와 멕시코에 진출한 우리 기업뿐 아니라 현지에 중간재를 공급하던 기업들의 수출도 줄어들 수밖에 없다”고 설명했다. 주원 실장은 “올해 우리나라 수출은 마이너스로 전환될 것”이라며 “1, 2월 합산 수출은 이미 역성장했다. 관세 충격에 대비해 미리 수출 실적을 당겨 쓰고, 아직 트럼프 관세 효과는 반영되지도 않았는데 이미 마이너스”라고 말했다.한은은 올해 우리나라 수출 증가율을 0.9%로, 지난 전망 대비 0.6%포인트나 낮췄다. 올해 성장(전년 동기 대비)에서 수출 기여도는 상·하반기 모두 0.3%포인트로, 내수(0.5%포인트, 1.9%포인트)보다도 낮다.트럼프가 관세정책을 강행하면 올해 우리나라 성장률도 추가 하락이 불가피하다. 지난달 한은은 올해 성장률을 1.5%로 지난해 11월 전망 대비 0.4%포인트 낮췄다. 그러나 미국이 주요국에 높은 관세를 부과하고, 상대국이 보복관세로 대응하면 우리나라 성장률이 올해와 내년 모두 1.4%로 추락할 것으로 전망했다.",2025.03.11.,부정
"아시아·유럽 증시,美증시 검은 월요일 충격서 회복시도",https://n.news.naver.com/mnews/article/015/0005104883,"미국 주식 선물, 비트코인 도 소폭 반등세12일 발표되는 미국 2월 CPI 주시해야이 기사는 국내 최대 해외 투자정보 플랫폼한경 글로벌마켓에 게재된 기사입니다.사진=REUTERS11일(현지시간) 아시아와 유럽의 주식 시장은 미국 증시의 폭락 충격에서 조금씩 회복되기 시작했다.이 날 MSCI 아시아 태평양 지수(일본 제외)는 개장 초 큰 폭의 하락세에서 회복돼 0.7% 하락을 기록했다. 유럽의 스톡스600 지수는 개장초 전 날과 비슷한 수준에서 거래되고 있다.미국 시장의 S&P500 선물은 동부표준시로 오전 5시경 약 0.4% 상승했다. 전 날 2년만에 하루 하락폭으로는 최대치로 떨어진 나스닥100 계약도 0.5% 반등했다.전 날 S&P500은 2.7% 급락했는데 이는 올해 가장 큰 일일 낙폭이었다. 나스닥은 2022년 9월 이후 가장 큰 하루 하락률인 4.0% 하락을 기록했다.이는 트럼프 대통령이 폭스뉴스 인터뷰에서 ‘전환기’에 대해 언급하고 경기 침체 가능성을 배제하지 않으면서 시장에 경기 침체 우려가 확산된데 따른 것이다.TD증권 아시아태평양 금리 전략가인 프라샨트 뉴나하는 시장에서 주식이 폭락하면 트럼프가 눈을 깜빡일 것으로 생각했으나 그렇지 않았다고 말했다. 그는 관세와 경기 침체는 디스인플레이션을 만들고 국채 10년물 금리를 낮추는 약이 될 수 있다고 말했다.전 날 미국채 수요가 몰리며 하루만에 10베이시스포인트(1bp=0.01%) 내린 10년 만기 미국채 수익률은 이 날도 2 bp 더 내린 4.12%를 기록했다.일반적으로 연방준비제도의 기준 금리 예상치와 함께 움직이는 2년물 국채 수익률은 5개월만에 최저치인 3.88%를 기록했다.LSEG 데이터에 따르면, 트레이더들은 올해 미국의 경제 성장 둔화 우려가 높아지면서 연준이 올해 85bps 금리를 인하할 것으로 예상하고 있다.그러나 12일에 발표되는 2월 미국 소비자물가지수를 통해 인플레이션이 여전히 끈질기다는 것이 확인되면 이 같은 기대는 좌절될 수도 있다. 미국 경제학자들은 2월 CPI가 0.3% 상승했을 것으로 예상하고 있다.외환 시장에서 안전자산에 대한 수요는 여전했으나 움직임은 전날보다 줄었다. 블룸버그 달러현물 지수는 0.3% 하락했다. 일본 엔은 달러에 대해 5개월 만에 가장 강세를 보였으나 상승폭을 축소하고 달러당 147.2에서 거래되고 있다. 유로화도 달러화에 대해 0.6% 상승한 1.10898달러에 거래됐다.전 날 미국 시장에서 78,000달러대까지 하락한 비트코인은 2.1% 상승해 80,927.99달러에 도달했다. 이더는 2% 오른 1,906.22달러를 기록했다.상품 시장에서는 미국 관세로 전 세계 경제가 둔화되고 OPEC+가 공급을 늘리는 동안 에너지 수요가 감소할 것이라는 예상으로 원유 가격이 안정을 보였다.금 가격은 온스당 2,908달러로 상승하여 지난달 기록한 최고치에 근접했다.",2025.03.11.,긍정
[기획] `트럼프 도박`에 글로벌 경제 `발작`,https://n.news.naver.com/mnews/article/029/0002940515,"뉴욕증시 급락… 나스닥도 폭락경제 망치더라도 관세 강행키로美 침체 가능성 40%로 치솟아글로벌 경제가 트럼프발(發) 'R(recession·경기침체)의 공포'에 빠져들고 있다. 최근 미국에서 경기 둔화를 시사하는 경제 지표가 잇따르는 상황에서, 도널드 트럼프 대통령이 '경기 침체 용인' 발언을 내놓은 데 따른 것이다.미국 경제가 올해 침체에 빠질 수 있다는 확률은 40%까지 올라갔다. 국제 자산시장은 미국 발 경기침체 우려에 요동쳤다.10일(현지시간) 뉴욕증시에서 스탠더드앤드푸어스(S&P) 500 지수가2.70% 급락했다. 올해 들어 최대 낙폭이다. 편입 종목들의 시가총액은 4조달러 증발했다. 기술주 중심의 나스닥종합지수도 4.00% 폭락했다. 지난해 10월 이후 처음으로 1만8000선이 무너졌다. 이날 낙폭은 2022년 9월 이후 2년6개월 만에 최대다.가상자산 대장주 비트코인은 8만달러 방어선이 붕괴됐으며, 안전자산인 금까지 약세를 보였다. 침체 우려가 커지면서 유가도 약세를 보였다. 이날 뉴욕상업거래소에서 서부텍사스원유(WTI)는 1.51% 떨어진 배럴당 66.03달러에 마감했다.트럼프 대통령은 전날 폭스뉴스 인터뷰에서 관세 부과에 따른 경기 침체 가능성을 배제하지 않고, 경기나 증시가 침체하더라도 관세 부과를 강행하겠다는 의사를 밝혔다.미국의 블랙 먼데이를 이어받은 아시아증시도 11일 발작했다.국내 코스피 지수는 1.28% 내린 2537.60에 장을 마쳤다. 일본 닛케이225지수가 0.64%, 대만 자취안지수가 1.73% 내리는 등 아시아 주요 증시도 하락세를 보였다.미국 투자은행 JP모간체이스는 올해 미국 경제가 침체에 빠질 확률을 30%에서 40%로 높였다. 골드만삭스는 올해 미국의 경제성장률 전망치를 2.4%에서 1.7%로 대폭 낮췄다.트럼프 행정부가 12일(현지시간) 철강·알루미늄에 25% 관세를 부과하고 4월 2일 세계 각국에 상호관세를 매기겠다고 예고하는 등 관세 정책에 속도를 내고 있는 데 따른 것이다. 미국 CNBC에 따르면 골드만삭스는 ""관세와 관련해 미국의 무역 환경이 상당히 부정적으로 변했다""며 ""행정부가 관세 정책 등 단기적인 경제 정책을 시행하고 있다""고 지적했다.한국이 입을 타격도 크다. 안전자산 선호 현상에 원·달러 환율은 1500원, 원·엔 환율은 1000원 돌파가 가시권으로 들어왔다. 한국은행이 올 경제성장률을 1.5%로 하향 조정했지만, 추가경정예산 편성 등 적절한 경기 부양책이 마련되지 않을 경우 성장률은 1%대 초반까지 추락할 우려가 있다. 윤석열 대통령 탄핵을 둘러싼 정치적 불확실성도 큰 부담이다.양준석 가톨릭대 경제학과 교수는 ""궁극적으로 트럼프 관세정책이 미국 경제를 얼마나 망치느냐에 따라 글로벌 경제가 달라질 것""이라고 진단했다.권의종 금융시장연구원장은 ""앞으로 몇 개월이 미국 경제의 중요한 변곡점이 될 것""이라면서 ""트럼프의 선택에 따라 미국 경제 및 글로벌 경제는 새로운 도약을 맞을 수도, 쇠퇴의 길을 걸을 수도 있다""고 전망했다.도널드 트럼프 미국 대통령. [연합뉴스]",2025.03.11.,부정
삼성전자 광주 물량 멕시코 이전 ‘보류’…갈림길,https://n.news.naver.com/mnews/article/056/0011908756,"[KBS 광주] [앵커]삼성전자가 광주사업장의 냉장고 생산 물량 일부를 멕시코로 이전하는 방안을 검토하면서 지역 사회 우려가 컸는데요.삼성전자가 이전 계획을 잠정 보류했습니다.미국 트럼프 정부의 고관세 정책으로 실익이 없어졌기 때문인데 앞으로의 상황이 관건입니다.박지성 기자의 보도입니다.[리포트]광주 사업장에서 만드는 미국 수출용 구형 냉장고 물량을 멕시코로 옮기려고 했던 삼성전자.한 해 줄어드는 생산량이  30만여 대에 달할 수 있다며  협력업체 등의 우려가 이어졌습니다.이 계획이 트럼프 정부의 고관세 정책 여파로 보류됐습니다.삼성이 생산 물량 이전을 검토한 건 냉장고를 미국까지 배로 옮기는 비용 부담이 컸기 때문입니다.하지만 미국이 멕시코 수입품에 25% 관세를 매기기로 하면서 안 옮기는 것이 나은 상황이 된 겁니다.[강기정/광주시장 : ""(삼성전자 측이) 작년과 비교해서 생산 물량이 전혀 줄어들지 않는다라고 말씀하셨는데 저는 전체의 말의 뜻은 이전 계획은 없다 이렇게 저는 받아들였습니다.""]그렇다고  이전 계획이 완전히 취소됐다고 보기는 어렵습니다.미국의 멕시코 관세 적용이 다음 달까지 유예되는 등 변화가 큰 데다 한국에도 고관세가 부과되면 광주 생산의 이점이 사라집니다.또 백악관이, 삼성전자가 멕시코 공장을 미국으로 옮기는 방안을 검토하고 있다고 직접 언급하는 등 관세 압박에 따라 언제든지 상황은 달라질 수 있습니다.이에 대해 삼성전자 측은 미국의 관세 상황을 보면서 물량 배치 문제를 다각도로 검토하고 있다고 밝혔습니다.삼성전자 광주사업장은 지역 제조업 매출의 16%를 차지하는 핵심 기업입니다.물량 이전을 막은 미국의 관세 정책의 칼날이 언제든 국내로 향할 수 있는 만큼 안심이 아닌 대책이 필요한 상황입니다.KBS 뉴스 박지성입니다.촬영기자:박석수",2025.03.11.,중립
“국민주 한 번 더 믿어볼까”… 삼성전자 주주 500만명 넘었다,https://n.news.naver.com/mnews/article/366/0001060096,"한국 대표 국민주로 꼽히는 삼성전자의 소액주주 수가 1년 사이 49만명 가까이 급증하면서 500만명을 다시 넘겼다. 반도체 실적 악화 등으로 주가가 지지부진하지만, 저가 매수에 나선 개인 투자자들이 늘어난 영향으로 풀이된다.서울 삼성전자 서초사옥에 깃발이 휘날리고 있다. /뉴스111일 삼성전자의 사업보고서에 따르면 지난해 12월 말 기준 삼성전자 소액주주는 총 516만210명으로 집계됐다. 삼성전자 총발행 주식의 68.23%를 소액주주들이 보유 중이다.소액주주는 전년(467만2039명) 대비 48만8171명 늘었다. 작년 6월 말(424만7611명)과 비교하면 반년 사이 91만2599명이나 급증했다.지난 2023년 말 주주 수가 400만명대로 내려온 후 1년 반 만에 다시 500만명대를 돌파했다. 삼성전자는 지난해 4월 주가가 8만원선을 넘긴 뒤 하락하기 시작하면서 주주들의 이탈이 가속화됐다.하지만 같은 해 11월 삼성전자가 3조원 이상의 자사주 소각 결정 등 주주환원책을 내놓자, 주가 상승 기대감이 커지며 소액주주들이 늘어난 것으로 해석된다. 또 지난해 10월부터 주가가 5만원대 박스권에서 머무는 것을 저점으로 판단하고 매수한 투자자들이 늘어난 영향도 있다.지난 2021년 초 삼성전자 주가가 9만원을 넘기며 급등하자, 삼성전자를 사들인 소액주주들은 600만명에 육박했다. 하지만 이후 급등했던 주가가 하락하기 시작하면서 주주 수도 줄어드는 모습을 보였다.한편 삼성전자 주가가 박스권을 벗어나는 데는 아직 시간이 좀 더 걸릴 것으로 보인다. 노근창 현대차증권 연구원은 “범용 메모리 가격 하락으로 올해 영업이익은 전년 대비 15.2% 감소할 것”이라며 “D램 체질 개선이 확인되지 않을 경우 주가 재평가에는 한계가 있을 전망”이라고 말했다.",2025.03.11.,긍정
"[마켓인]경영권 분쟁 이대로 쐐기?…MBK-고려아연, 남은 시나리오는",https://n.news.naver.com/mnews/article/018/0005960472,"이달말 정기주총서 의결권 앞선 MBK·영풍영풍, SPC 설립해 순환출자 원천 차단최윤범 회장, ‘상호주 제한’ 넘는 묘수 고민“전례 없던 분쟁…주총 전까지 승부 몰라”이 기사는 2025년03월11일 17시00분에마켓인 프리미엄 콘텐츠로 선공개 되었습니다.[이데일리 마켓in 허지은 기자] 고려아연(010130) 경영권 확보를 노리는 MBK·영풍이 법원의 가처분 일부 인용 결정으로 승기를 잡았다. 지난 1월 임시 주주총회에서 의결권이 제한됐던 최대주주 영풍은 이달 말 정기 주총에서 되살아난 의결권으로 표 대결에 임한다. MBK·영풍의 합산 의결권 지분은 46.72%로 이사회 장악을 위한 표 대결에서 압승이 예상되는 상황이다.하지만 승부를 속단하긴 이르다. 최윤범 고려아연 회장은 1월 임시 주총 당시에도 주총 개최 직전 ‘상호주 제한’이라는 승부수를 띄워 정기 주총까지 시간을 벌었다. 이번에도 최 회장 측은 영풍에 집중투표제 도입을 제안하는 등 중장기전에 대비한 물밑 작업을 진행 중이다. 승기를 쥔 MBK·영풍과 이에 맞선 최 회장 측의 묘수가 나올지 시장의 관심이 쏠린다.11일 투자은행(IB) 업계에 따르면 고려아연은 이번주 중 이사회를 열고 정기 주주총회 일정과 안건을 논의할 예정이다. 고려아연은 최근 5년간 3월 19일을 전후로 한 3월 셋째주에 정기 주총을 개최했지만, 올해는 경영권 분쟁과 법원의 가처분 결정 등에 소요되는 물리적인 시간을 고려해 3월 넷째주 중 정기 주총 개최가 유력한 상황이다.앞서 법원은 지난 7일 고려아연 임시 주총 효력을 정지해달라는 MBK·영풍 측 가처분 신청을 일부 인용했다. 최 회장 측이 호주 손자회사 선메탈코퍼레이션(SMC)을 활용해 영풍 지분을 취득하며 만든 ‘순환출자 고리’로 인한 영풍의 의결권 제한이 위법하다고 본 것이다. 법원은 △이사 수 상한(19인) 제한 △액면분할 △사외이사 이사회 의장 선임 △배당기준일 변경 △분기배당 도입 등 임시 주총에서 가결된 대부분의 안건의 효력을 정지했다.이에 따라 고려아연 임시 주총에서 신규 선임된 사외이사 7인의 직무는 정지됐다. 이사회 역시 기존대로 상한 설정이 없는 상태로 사실상 무제한 진입이 가능해졌다. MBK·영풍 연합은 최대 17인의 신규 이사를 진입시켜 고려아연 이사회 장악을 목표로 하고 있다.현재 고려아연 이사진 11인 가운데 박기덕 고려아연 대표(사내이사)를 포함해 최내현·김보영·권순범·서대원 사외이사 등 5인의 임기가 다음달 종료된다. 남는 이사진은 고려아연 측 이사 5인과 장형진 영풍 고문 등 6인에 그친다. 만약 MBK·영풍 측이 목표한 이사 후보의 이사회 진입에 성공한다면 18 대 5로 이사회 과반을 차지하게 된다.다만 정기 주총이 끝날 때까지 안심하기는 이르다는 분석도 나온다. 최 회장 측은 지난 1월에도 법원의 ‘집중투표제를 적용한 이사 선임 불가’ 가처분 인용 결정이 나온지 하루만에 손자회사를 활용한 순환 출자 전략을 기습적으로 시행했다. 이를 두고 한 사모펀드(PEF) 운용사 임원은 “교과서에서만 보던 사례가 나온 전례없는 분쟁”이라는 평가를 내놓기도 했다.최 회장 측이 영풍에 도입 추진 중인 집중투표제가 변수라는 분석도 있다. 최 회장 측은 지난달 영풍에 집중투표제 도입과 현물 배당 도입을 위한 정관 변경 등의 내용을 담은 주주 제안을 보냈다. 영풍에 집중투표제가 도입되면 ‘3%룰’에 따라 의결권에서 뒤지는 최 회장 측이 영풍 이사회 장악 가능성이 열려있다는 분석이다.MBK·영풍 연합 역시 막판 뒤집기에 대비해 배수진을 치고 있다. 영풍은 지난 7일 보유 중인 고려아연 지분 25.4% 전량을 신설 유한회사 와이피씨(YPC)에 현물출자했다. SMC의 지분 취득으로 인한 의결권 제한 가능성을 원천 차단하겠다는 의도다. 또 MBK·영풍 연합은 고려아연 정기 주총에서 공정성과 객관성 담보를 위해 임시의장 선임을 요구하기도 했다.",2025.03.11.,긍정
"삼성전자 주주들은 30% 손실, 등기이사 평균보수는 30% 껑충",https://n.news.naver.com/mnews/article/028/0002735135,"지난해 사업보고서 보니…삼성전자 서초사옥. 연합뉴스삼성전자 주요 경영진의 평균 보수가 지난해 오른 것으로 나타났다. 일부 임원이 물러나며 거액의 퇴직금을 받은 데다, 현직 임원의 보수도 크게 줄어들지 않은 영향이다. 삼성전자 주가가 지난해 5만원대로 추락하며 주주들이 30% 손실을 본 것과 대비되는 풍경이다.11일 삼성전자 사업보고서를 보면, 지난해 등기이사 1인당 평균 보수액은 57억3400만원이었다. 2023년(44억200만원)보다 30.3% 뛴 것이다. 이는 주로 경계현 전 사장과 이정배 전 사장의 퇴직금이 평균 보수액에 반영된 영향으로 풀이된다. 지난해 물러난 이들 임원은 각각 52억7200만원과 41억1400만원의 퇴직금을 받았다.현직 임원의 연봉도 크게 줄어들지 않은 것으로 추정된다. 사업보고서에 공시된 지난해 한종희 대표이사 부회장의 보수는 52억4000만원으로 전년보다 24.1% 적다. 노태문 사장의 보수는 17.7% 떨어진 50억9800만원, 박학규 사장은 11.8% 줄어든 33억4600만원이다. 다만 공시된 보수는 주식 형태로 지급되는 초과이익성과급(OPI)이 제외된 숫자라고 삼성전자는 설명했다. 사장·부회장의 경우 초과이익성과급의 80~100%가 주식으로 지급되는 점을 고려하면 실제 보수 감소폭은 미미할 가능성이 높다.삼성전자 주주들이 같은 기간 30%에 이르는 손실을 본 것과는 대비되는 셈이다. 지난해 삼성전자 보통주의 연간 총주주수익률(TSR)은 -30.4%였다. 지난해 초 삼성전자 주식을 100만원어치 들고 있었던 주주는 1년간 30만4천원의 손실을 봤을 것이라는 뜻이다. 8만원을 넘보던 주가가 5만원대로 추락하고 배당금도 제자리걸음을 한 영향이다. 이에 삼성전자는 지난해 11월 이례적으로 자사주 10조원어치 매입 계획을 발표했으나 ‘5만전자’에서 벗어나는 데에는 실패한 바 있다.시장에서는 삼성전자 임원과 주주의 이해관계가 괴리돼 있다는 지적이 꾸준히 제기돼왔다. 삼성전자도 올해 이런 지적을 고려해 임원 성과급 제도를 개편한 바 있다. 임원 성과급의 50% 이상을 약정 1년 뒤 자사주로 지급하되, 지급 시점 주가가 약정 당시보다 떨어진 경우에는 하락률만큼 주식 수량을 차감하는 방식이다. 다만 최근 삼성전자 주가순자산비율(PBR)이 저평가의 기준선으로 여겨지는 1 안팎을 맴돌고 있는 만큼 올해 성과급 주식 수량이 크게 삭감될 가능성은 낮다는 분석이 많다.",2025.03.11.,부정
‘트럼프 효과’가 ‘급락’으로…  반등하던 국내 증시 직격탄,https://n.news.naver.com/mnews/article/005/0001762356,"코스피 1.28%·코스닥 0.6%  하락뉴욕증시 3대 주요 지수 모두 급락日·홍콩·대만 증시도 하락 마감국민일보DB미국발 경기 침체 우려로 올해 들어 반등하던 한국 증시가 직격탄을 맞았다. 도널드 트럼프 미 대통령이 경기 둔화를 감안하더라도 관세 정책을 시행하겠다고 언급하면서 투자자들의 위험 회피 심리가 커졌다는 분석이다.11일 한국거래소에 따르면 이날 코스피는 전 거래일보다 32.79포인트(1.28%) 내린 2537.60에 장을 마쳤다. 코스닥도 4.32포인트(0.60%) 하락한 721.50에 거래를 마쳤다.코스피 시장에서 외국인과 기관투자가는 각각 3636억원, 2368억원어치를 내다 팔았고 개인투자자만 4915억원어치를 사들였다.시가총액 상위 10개 종목 가운데 셀트리온(+0.11%)과 기아(+0.41%)를 제외하고 모두 하락했다. 업종별로 보면 2차전지주가 약세를 보였다. 테슬라가 주요국 판매량 급감 등으로 전날 뉴욕증시에서 15% 넘게 빠진 탓이다. 이에 LG에너지솔루션(-2.43%)과 에코프로비엠(-3.25%), 에코프로(-2.83%) 등 관련주의 낙폭이 컸다. 대부분 종목이 하락한 가운데 통신·음식료 등 경기 방어 업종만 양호한 흐름을 보였다.한국을 제외한 아시아 증시도 대체로 하락 마감했다. 일본 닛케이 225지수는 전 거래일보다 0.64%, 홍콩 항셍지수도 0.01% 하락했고 대만 가권지수는 1.73% 급락했다. 중국 증시만 장 마감 직전 반등해 전 거래일보다 0.34% 오르며 장을 마쳤다.다만 뉴욕증시의 3대 지수가 모두 급락하며 지난해 11월 대선 이전 수준 이하로 떨어진 것과 비교하면 아시아 증시는 비교적 견조한 흐름을 유지했다는 평가가 나온다. 인공지능(AI) 관련 종목을 중심으로 미국 쏠림 현상이 강하게 나타났던 것에 대한 되돌림 현상으로 미국 증시가 조정을 받는 반면 중국 등 주요국 증시는 올해 상대적으로 강세를 보이고 있었기 때문이라는 분석이다. 특히 범중국 증시는 최근 딥시크의 ‘가성비’ AI 모델 돌풍과 중국 정부의 경기 부양책에 대한 기대감으로 지난해 연말 대비 1% 가까이 올랐다.전문가들은 트럼프발 관세 리스크로 상반기 내내 변동성이 확대될 수 있다고 우려하지만 미국 경기가 본격적인 침체 국면에 진입했다고 보기엔 이르다고 진단한다. 지난해 8월 5일 발생한 증시 폭락의 경우 미 고용시장 악화에 따른 경기 침체 우려 확산이 이유였지만 이번 폭락은 트럼프 정부의 정책 불확실성으로 인한 심리 위축 영향이 크다는 이유에서다. 지난해 8월 당시 코스피는 9.77%, 일본 증시는 12.4%, 대만 증시는 8.35% 급락했다.김석환 미래에셋증권 연구원은 “지난해 9월 미 연방준비제도가 ‘빅컷’(기준금리 0.50% 포인트 인하)을 단행하며 시장에 안도감을 준 것처럼 이번에도 고용시장이 긴박한 모습을 보인다면 연준의 금리 인하를 기대해 볼 수 있고 이것이 향후 증시에 긍정적일 수 있다”고 설명했다.",2025.03.11.,긍정
"삼성전자, 불황에도 투자·고용 '역대 최대'…평균 연봉 1.3억(종합)",https://n.news.naver.com/mnews/article/421/0008123870,"[2024 사업보고서]사내이사 평균연봉 5억 감소…직원 1000만 원↑R&D·시설투자 역대 최대 규모…임직원도 4600여명 증가서울 삼성전자 서초사옥의 모습. 2019.3.26/뉴스1 ⓒ News1 DB(서울=뉴스1) 박기호 기자 = 삼성전자(005930)가 지난해 실적 부진에도 불구하고 연구개발(R&D)과 시설투자가 역대 최대 규모를 기록했다. 특히 미래 인재 확보를 위해 적극 채용에 나서면서 임직원 수도 2년 연속 최고치를 나타냈다.시설투자 53.6조 R&D 35조 '역대 최대'삼성전자가 11일 공시한 '2024년도 사업보고서'에 따르면 지난해 연구개발비와 시설투자비 모두 역대 최대를 기록했다.삼성전자는 총 53조 6461억 원 규모의 시설투자를 단행했다. 2023년(53조 1139억 원)보다 많으며 역대 최대 규모였던 2022년의 53조 1153억 원을 넘는 수준이다.시설투자 금액의 대부분은 반도체를 담당하는 DS 부문에 집중됐다. 총 46조 2792억 원을 DS 부문에 쏟아부었다. 다만 DS 부문에 대한 투자는 지난해(48조 3723억 원)보다 다소 줄었다. 디스플레이(SDC) 등에 대한 시설투자는 2023년(2조 3856억 원)보다 두 배가량 많은 4조 8351억 원 이뤄졌다.지난해 삼성전자의 연구개발 투자는 35조 215억 원으로 이 역시 역대 최대 규모다. 전년(28조 3527억 6900만 원)보다 6조 6688억 원 증가했다. 매출액 대비 연구개발 투자 비율은 11.6%로 이 역시 사상 최대 수치다.삼성전자는 연구개발에 대한 투자를 바탕으로 지난해 국내 특허 7804건, 미국 특허 9228건 등을 등록했다. 미국 특허는 지난해(8958건) 대비 270건 증가했다.ⓒ News1 유승관 기자고용 규모 2년 연속 '최대'…직원 연봉 1000만 원 늘어삼성전자는 또 꾸준하게 채용을 유지하는 등 인재에 대한 투자도 강화했다. 2024년 말 기준 삼성전자의 국내 임직원(등기임원 제외) 수는 12만 9480명으로 2023년의 12만 4804명보다 약 4600여명 증가했다. 늘어난 인력의 대부분은 DS 인력이다. DS 임직원 수는 2023년 말 대비 4450명 증가했고, 모바일·TV ·생활가전 제품을 담당하는 DX 임직원 수는 226명 증가했다.삼성전자 임직원 평균 급여는 DS 부문의 성과급 증가로 전년 대비 1000만원 증가한 1억 3000만 원으로 나타났다. 삼성전자는 2023년, 반도체 불황에 따른 DS 부문 영업이익이 적자를 기록하자 성과급을 지급하지 않았다. 그러다 지난해 흑자 전환에 성공하면서 DS 임직원에 성과급이 지급된 영향이다.반면 지난해 사내이사 평균 보수는 전년보다 5억 원 줄어든 것으로 나타났다. 지난해부터 연말 성과급의 50% 이상을 최소 1년 뒤 자사주로 지급하면서 현금 지급 분이 감소한 영향이다.지난해 사내이사 5명이 받은 보수 총액은 286억 7000만 원으로 집계됐다. 이는 지난해 말 고문으로 이동한 경계현 고문, 이달 임기가 만료되는 이정배 상담역의 퇴직금 93억 8600만 원이 포함된 수치다. 이들을 제외한 1인당 평균 보수는 38억 5700만 원으로 전년(44억 200만 원)보다 5억 4500만 원이 감소했다.현직 임원 중 한종희 삼성전자 대표이사 부회장이 약 52억 원을 받아 가장 많았지만 전년보다 17억 원 줄었다.스마트폰(MX) 사업을 맡고 있는 노태문 사장은 지난해 50억 9800만 원을 수령해 퇴직자를 제외하고 '연봉 2위'를 차지했지만 전년(62억 원)보다 보수가 12억 원여 감소했다. 이어 사업지원TF 소속인 박학규 사장이 33억 4600만원을 받았다.",2025.03.11.,긍정
“‘5만전자’면 사야지”…개미 500만에 증권가도 '엄지척',https://n.news.naver.com/mnews/article/018/0005960465,"삼성전자 소액주주 반년만에 91만명 늘어자사주 소각에 긍정, 반등 기대한 저점 매수 해석[이데일리 이정현 기자] 삼성전자(005930) 소액주주 수가 500만명을 넘은 것으로 11일 확인됐다. 반도체 다운사이클에 주가가 하락했으나 저점매수에 나선 개인투자자가 많았던 것으로 해석된다.기사의 이해를 돕기 위한 이미지(출처=챗GPT)11일 삼성전자 사업보고서에 따르면 지난해 12월31일 기준 삼성전자 소액주주는 516만210명으로 나타났다. 6개월 전인 작년 6월 말에 기록한 424만7611명과 비교하면 91만2599명 늘었다. 소액주주의 소유주식수는 40억7334만9914주로 총 발행주식수의 68.23%다.삼성전자 소액주주 수가 상승추세를 보인 데는 지난해 11월 삼성전자가 3조원 이상 자사주 소각을 결정하는 등 주가 상승 기대심리가 커진게 배경이다. 아울러 현재 5만원대 박스권을 맴도는 주가를 저점에서 매수하려는 개인투자자가 늘어났다는 점도 영향을 끼친 것으로 보인다.사진=연합뉴스삼성전자는 지난해 7월 8만7000원대까지 올랐으나 이후 반도체 업황 및 고대역폭메모리(HBM) 기술 경쟁력에 대한 우려가 제기되며 10월들어 5만원대로 내려앉았다. 11월에는 장중 4만원대까지 하락하는 등 약세 흐름이 이어지는 중이다. 이날 기준 종가는 5만3600원이다.증권가에서는 삼성전자가 실적 대비 저평가된 점에 주목하며 주가 반등을 기대하고 있다. DB투자증권은 삼성전자의 밸류에이션 매력에 주목하며 투자의견 ‘매수’ 및 목표가 7만9000원을 제시했다.서승연 DB투자증권 연구원은 “MX 스마트폰 신모델 출시 효과에도 불구하고 DS 실적 부진으로 올 1분기 전분기 대비 감익이 예상된다”면서도 “1분기 실적 저점 이후 B2C 고객사 메모리 재고조정 마무리와 견조한 서버 수요로 증익세가 전망되며 밸류에이션 매력도 높다”고 진단했다.",2025.03.11.,긍정
트럼프 수혜 전망 비트코인도 8만 달러 다시 무너져,https://n.news.naver.com/mnews/article/005/0001762354,11일 만에 7만달러대 기록美 경기 둔화 우려 여파 분석트럼프 대통령 당선 이후 10만 달러를 넘어섰던 비트코인은 미 동부시간 10일 낮 12시45분 7만9721달러를 기록하며 8만 달러 아래에서 거래됐다. 사진은 이날 서울 강남구 업비트 라운지 전광판에 표시된 비트코인 가격. 연합뉴스암호화폐 대장주 비트코인 가격이 다시 8만 달러 아래로 떨어졌다. 상승 동력이 없는 상황에서 미국 경기 둔화 우려가 더해진 여파로 분석된다.11일 글로벌 암호화폐 거래소 코인베이스에 따르면 이날 오전 9시50분 비트코인 가격이 24시간 전보다 6.86% 하락한 7만6564.83달러까지 추락했다. 비트코인 가격이 8만 달러 아래로 내려간 것은 지난달 27일 이후 11일 만이다. 오후 4시30분 현재 비트코인 가격은 8만 달러 선을 회복하는 데 성공했지만 그 이상 반등은 나오지 않고 있다.그간 시장에서 고대했던 이벤트는 미국 정부의 암호화폐 전략적 비축이다. 이달 6일 도널드 트럼프 대통령은 비트코인 등 암호화폐를 비축하는 행정명령에 서명했지만 정부의 돈으로 직접 암호화폐를 구매하지는 않을 것이라는 소식에 실망 매물이 나오면서 9만 달러였던 비트코인 가격이 흘러내리기 시작했다.전날 나스닥지수가 4.00% 급락한 것도 투자심리를 위축시켰다. 비트코인은 그동안 나스닥지수와 일정 부분 연동되는 흐름을 보였다.미국 재무장관의 발언도 투심에 악영향을 줬다. 스콧 베센트 미 재무장관은 7일(현지시간) 미 CNBC방송과의 인터뷰에서 “시장과 경제가 정부 지출에 중독돼 있다. ‘디톡스’(해독) 기간이 필요할 것”이라고 말했다. 이런 발언이 미 경기침체 우려로 이어졌다는 분석이다.김민승 코빗 리서치센터장은 “트럼프 행정부가 지난정부 때처럼 정부 지출을 통한 경기 부양이 아닌 민간에서 유동성이 공급돼야 한다고 말한 것이 영향을 줬다”며 “시장이 위험회피 성향을 띠고 있다”고 말했다.,2025.03.11.,긍정
홈플러스 후폭풍…채권 구매 개인 투자자 손실 떠 안나,https://n.news.naver.com/mnews/article/005/0001762349,"지난 6일 서울 한 홈플러스 지점 모습. 연합뉴스홈플러스가 기업회생절차(법정관리)에 돌입했지만 후폭풍이 가라앉지 않고 있다. 금융투자업계를 중심으로 긴장이 고조되고 있다. 금융당국은 개인에게 판매된 홈플러스 어음·채권 전수조사에 나섰다. 은행권은 홈플러스 어음을 부도 처리하며 당좌거래를 중지했다. 개인 투자자들은 첫 집단행동을 예고했다.11일 금융투자업계에 따르면 특히 논란이 되고 있는 채권은 카드대금 유동화전자단기사채(ABSTB·유동화 전단채)다. 홈플러스가 물건을 납품받는 거래처에 지급해야 할 대금을 카드(구매전용카드)로 결제하면서 생긴 카드대금채권을 유동화하는 방식으로 판매됐다. 전단채 개인 투자자들은 12일 첫 단체행동에 나선다. 이들은 이렇게 팔린 유동화 전단채를 금융채권이 아닌 상거래 채권으로 분류해달라고 주장한다. 홈플러스가 상거래채무는 정상적으로 변제하고 금융채무는 상환을 유예하겠다고 밝혔기 때문이다.홈플러스는 일단 유동화 전단채를 금융채권으로 분류하고 있다. 지난 4일 홈플러스가 돌연 기업회생개시신청을 하고 법원이 이를 즉각 받아들이면서 4019억원 규모의 전단채 변제가 중단된 상황이다. 법정관리에 들어간 이상 전단채 성격에 대한 판단은 법원에 달려있다. 금융채권으로 분류된다면 개인·법인 투자자가 고스란히 손실을 떠안게 된다. 이럴 경우 증권사들은 홈플러스 전단채의 위험을 알리지 않고 판매했다는 불완전 판매 논란에 휩싸일 수 있다.개인 투자자 피해가 커질 수 있다는 우려가 확산하자 금융감독원은 전날 각 증권사에 홈플러스 관련 기업어음(CP), 회사채, 자산유동화 전단채 등의 개인판매 현황 및 관련 상품 보유량을 12일까지 제출하라고 요구했다.유동화 전단채의 불완전판매 논란에 대해 홈플러스는 이날 입장문을 내고 “증권사에서 리테일 창구를 통해 개인에게 재판매한 부분에 대해서는 알지 못하는 상황”이라고 해명했다. 또 “회생절차 개시로 지급이 유예되며 부도 처리된 CP 및 전단채 역시 다른 금융채권과 마찬가지로 회생절차에 따라 상환이 이뤄지게 될 것”이라고 했다. 은행권이 전날 당좌거래를 전면 중지한 것과 관련해서는 “금융사 내부절차에 따라 기술적으로 부도처리를 진행한 것”이라며 “지불 불능으로 인한 부도 상황이 아니다”고 강조했다.홈플러스 사태는 대형마트 업계 전반에 악재가 될 수도 있다는 전망도 있다. 홈플러스뿐 아니라 대형마트 전반의 자금 조달을 경색시킬 수 있다는 우려도 제기된다.",2025.03.11.,부정
위례 빠진 위례과천선…주민 '분통' 집값 '침체',https://n.news.naver.com/mnews/article/018/0005960456,"예상 노선도 보니…가까운 역 버스로 10분 이동해야지역주민 ""도시로 들어와야할 노선 도중에 끊겨버려""과천 집값 뛰는데…교통에 발목 잡힌 위례는 제자리[이데일리 이배운 기자] 위례신도시의 대중교통 편의성을 높일 것이란 기대를 받았던 ‘위례과천선’ 노선이 정작 위례신도시를 비켜갈 예정인 것으로 나타났다.지역주민들은 “위례 빠진 위례과천선”이라며 강하게 반발하고 나선 가운데, 위례 부동산 시장은 침체된 분위기에서 헤어나지 못하고 있다.‘위례~과천 광역철도 민간투자사업 전략’ 예상 노선도 (그래픽=이데일리 김정훈 기자)11일 건설업계에 따르면 국토교통부는 지난달 ‘위례~과천 광역철도 민간투자사업 전략 및 환경영향평가 항목 등 결정 내용’ 문서에서 위례과천선 예상 노선도를 공개했다.노선도를 보면 문제의 노선은 위례신도시까지 도달하지 않고 서울 송파구 문정도시개발구역 내 있는 장지역 부근에서 종착한다. 신도시를 기준으로 서쪽 바깥에 위치한 곳이다.위례신도시 아파트 단지 거주민들이 이 역을 이용하려면 시내버스를 타고 10~15분가량 이동하고, 도보로는 최소 25분 이상을 걸어야 한다. 실질적으로 대중교통 편의 증진 효과를 체감하기 어려운 것이다.지금도 이곳 주민들은 신도시 남서쪽으로 치우쳐 있는 서울지하철 8호선 복정역, 남위례역을 이용하기 위해 시내버스를 타고 15~20분가량 이동해야 한다. 설상가상으로 출퇴근 시간대에는 극심한 혼잡을 빚기 때문에 도시 내 주요 지점을 지나는 철도가 더욱 절실한 상황이다.김광석 위례신도시시민연합 대표는 “당연히 위례신도시 안으로 들어와야 할 노선이 도중에 끊겨버리면서 주민들은 아무런 혜택도 기대할 수 없게 됐다”며 “‘차라리 노선 이름에서 위례를 빼라’ ‘위례 빠진 위례과천선이냐’며 모두가 강하게 반발하고 있다”고 현지 분위기를 전했다.김 대표는 이어 “정부와 지자체는 예전부터 위례신도시 교통인프라 개선을 약속했지만, 여전히 이를 지키지 못하고 있다”며 “이번 잘못된 노선안이 확정되지 않도록 주민들이 힘을 모아 대응할 것”이라고 예고했다.위례신도시는 지리적으로 서울 강남과 가깝지만, 대중교통 인프라가 열악해 실제 접근성은 떨어진단 점이 집값의 발목을 잡는 요인으로 평가된다.위례신사선, 위례과천선 사업이 원래 계획대로 순조롭게 진행되면 부동산 가치가 금방 뛸 것이란 기대가 높았지만, 두 사업 모두 수익성 등 논란에 휘말려 10년 넘게 첫 삽도 뜨지 못하고 있다.상황이 이렇자 위례신도시 집값은 부동산 활황기인 2021년에 고점을 찍었다가 지금은 이보다 1억~2억원 낮은 가격대에서 거래되며 침체된 분위기가 이어지고 있다. 강남 접근성과 GTX-C 노선 사업 등 호재에 힘입어 집값이 치솟는 과천과는 대조적이다.국토교통부 실거래가공개시스템에 따르면 ‘위례센트럴자이’ 전용 74㎡는 지난달 14억 9000만원에 거래됐다. 이는 2021년 6월 최고가인 16억원에서 약 1억원 떨어진 수준이다.‘위례아이파크’ 전용 100㎡는 2021년 18억원에 거래됐지만 지난해 4월엔 16억 5000만원에 거래됐다. ‘위례더힐55’의 전용 85㎡는 2021년 16억 4000만원에 거래됐다가 지난해 12월엔 13억원으로 떨어졌다.위례신도시 집값에는 철도 개통에 대한 기대감이 선반영된 만큼 사업이 지연될수록 기대감이 작아지고 상승 동력도 약화될 것이란 게 부동산 업계의 관측이다.",2025.03.11.,긍정
"매장 북새통, 상품권 불티… 홈플러스 대체 무슨 일?",https://n.news.naver.com/mnews/article/082/0001315594,"‘기업회생’ 홈플러스 가 보니할인 행사 인파, 매대 활기당근 앱 상품권 구매도 분주‘불안보다는 실속’ 기현상기업회생 절차에 들어간 홈플러스 매장이 저렴한 물건을 구입하기 위한 고객들로 북새통을 이루고 있다. 홈플러스 서울 강서점의 모습. 연합뉴스“지난 주말에는 발 디딜 틈 없이 고객들이 몰렸어요. 현금통에 준비해 둔 1만 원권이 모자라서 5000원권으로 대체해서 나갈 정도였으니까요.”11일 찾은 부산 연제구 홈플러스 아시아드점은 평일 오전 시간에도 고객들이 몰려 북적였다. 홈플러스가 지난 4일 기업회생 절차에 들어가면서 논란이 불거지고 있는 분위기와 다르게 매장 분위기는 오히려 활기를 띠고 있었다. 고객들은 대규모 할인 행사인 ‘홈플런’에서 득템을 하려고 더 몰리고 있었다.일부 제조사의 납품 중단 소식도 전해졌지만 가공품 매대는 평소와 다르지 않게 상품이 진열돼 있었다. 다만 라면, 유제품 등 일부 매대는 비어 있었지만 이 역시 행사 때문에 일시 품절된 경우였다. 홈플러스 한 직원은 “납품 중단이 원인이 아니라 1+1 행사 판매로 잘나간 것”이라며 “대규모 행사라 물건을 미리 많이 받아놔서 곧 채워질 것”이라고 설명했다. 신선식품 코너에서 물건을 고르던 주부는 “요즘 물가가 많이 올라 장보기가 겁나는데, 이렇게 할인 제품이 많으니 소비자 입장에서는 반갑다”고 말했다.홈플러스 상품권을 소지한 소비자의 발길도 이어졌다. 계산대에서 상품권으로 결제한 50대는 “불안한 마음에 가지고 있던 상품권을 서둘러 쓰기 위해 왔다”며 “상품권 증정 행사 때 받았던 5000원권 상품권들도 싹 모아 왔다”고 말했다.권면 금액의 60%를 쓰면 나머지 40% 잔액은 현금으로 돌려주는 규정 때문에 계산대에서는 현금 부족 사태를 겪기도 했다. 이 매장에서도 1만 원권이 부족해 5000원권을 내주는 경우도 생겼다. 홈플러스 관계자는 “지난해 홈플런 행사의 매출이 상당히 높게 나왔는데, 이번에도 지난해와 유사한 수준으로 나오거나 높을 것으로 전망한다”고 말했다.중고거래 플랫폼에서는 홈플러스 상품권이 인기를 얻는 기현상도 벌어지고 있다. 최근 중고 거래 플랫폼 당근 앱에는 ‘홈플러스 상품권 삽니다’는 내용의 게시 글이 잇따라 올라오고 있다. 회생 절차 개시 소식에 홈플러스 상품권 사용처가 막히는 등 불안감이 커지면서 한때 상품권 판매 글이 올라오기도 했으나 할인해서 상품권을 사겠다는 사람이 늘면서 상황이 역전된 것이다. 고물가 시대에 싸게 생필품을 살 수 있다는 소비자들의 판단도 작용한 것으로 보인다.일부 ‘되팔이족’들은 상품권 사재기에도 나섰다. 85~90% 할인가로 상품권을 사서 홈플러스 내 가전 매장에서 제품을 구매한 후 중고마켓에 내다 팔아 차익을 챙기는 식이다. 일부 상품권 거래소에서는 오픈런 현상까지 일어나고 있다.다만, 가전업체들이 납품을 중단한 가전제품 판매장은 손님 발길이 끊겨 침울한 분위기였다.",2025.03.11.,중립
"조원태 회장 ""신규 CI, 통합 대한항공 구심점 역할 할 것""[일문일답]",https://n.news.naver.com/mnews/article/018/0005960451,"조원태 한진그룹 회장 41년만에 바꾼 CI 공개승무원 유니폼은 통합 시점인 2027년께 공개""통합 이후에도 안전, 운영 투자 지속할 계획""[이데일리 이윤화 기자] “새로운 기업이미지(CI)가 대한항공과 아시아나항공이 하나 되는 데 구심점 역할을 하기를 기대한다. 통합 이후에도 안전 분야 등에 투자를 지속해나가면서 고객과 직원들이 사랑하고 믿을 수 있는 항공사가 되는 것에 집중할 것이다.”조원태 한진그룹 회장은 11일 41년 만에 개편한 대한항공 신규 CI를 직접 공개하고, 글로벌 메가캐리어로 성장하기 위해 노력하겠다면서 이같이 밝혔다.조원태 한진그룹 회장이 11일 서울 강서구 대한항공 본사에서 열린 신규 CI 공개 기자간담회에서 인사말을 하고 있다. (사진=공항사진기자단)조원태 회장은 통합 대한항공 출범 이전 신규 CI를 미리 공개한 이유에 대해 “기업가치 체계 변경 그 자체도 중요하지만, 그에 대한 준비와 직원들의 마음가짐 변화 등이 더 중요하다고 생각한다”면서 “지금부터 내실을 다지고, 대한항공이 추구하는 방향을 미리 제시하기 위한 것”이라고 말했다.조 회장은 통합 대한항공 출범을 목표로 한 2027년까지 아시아나항공과의 성공적인 결합을 위해 노력하고, 진에어를 중심으로 한 저비용항공사(LCC) 통합에도 최선을 다하겠다는 계획이다.다음은 조 회장과의 일문일답.-신규 CI 반영 일정과 승무원 유니폼 변경 계획이 궁금하다.△부산에 있는 격납고에서 대형기 1대를 도색하는데 약 3주, 소형기는 보름 정도가 소요된다. 대한항공과 아시아나항공 기체 약 250대 전체를 도색하려면 길게는 3~4년까지도 걸릴 수 있을 것 같다. 유니폼은 기존 제품을 능가하는 디자인을 만들어야 한다는 부담감이 있지만, 승무원들의 개선 요청 사항 등을 반영해 통합 대한항공이 출범하는 2027년 공개할 계획이다.-신규 CI에 대해 태극무늬 고유의 컬러를 포기한 것이 아쉽다는 의견도 있는데 어떻게 생각하나.△CI를 (모던하게) 바꾸게 된 것은 전세계적 트렌드에 맞춘 것이다. 미니멀리즘에 맞춰 현대화 시키기 위해 해외 디자이너들을 활용해 첫 시안을 받았을 때는 태극 무늬를 완전히 빼왔더라. 그래서 그건 안된다고 대한항공의 정체성인 태극무늬를 살리라고 하면서 돌려보내고 다시 만들고 하느라 약 3년이 걸렸다. 그래서 태극무늬를 포기했다고 말씀하시면 조금 서운하고, 저희 아이덴티티를 살리려 노력했다는 점을 알아주면 좋겠다.-통합 대한항공 준비에 있어 안전 분야도 중요한데 아시아나항공의 자체 정비능력이 상대적으로 부족하지 않은가.△대한항공은 이미 자체 정비 능력을 충분히 갖추고 있다. 아시아나항공은 상대적으로 약하다고 생각하실 수 있는데 기재들이 중복되는 부분이 많다. 그렇기 때문에 지금도 일정 부분 저희가 아시아나항공 엔진 정비를 해주고 있고, 아시아나항공이 먼저 도입한 기종은 대한항공이 (정비를) 위탁하는 경우도 있다. 통합 이후를 준비하기 위해 엔진 공장에도 큰 투자를 하고 있다. 정비 능력은 지금까지는 대한항공 기단에 맞춰 왔는데 당분간 많은 투자를 필요로 하는 것은 사실이다. 통합 이후에도 안전 분야 투자를 지속할 예정이다. 안전을 위한 투자, 운영상 통합을 위한 투자도 지속적으로 할 예정이다.-통합 대한항공과 통합 LCC 운영에 있어 주력 항공기는 어떤 기종인가.△대한항공이 현재 기종이 너무 많아서 매우 복잡한 상황이다. 거기다가 아시아나항공까지 들어오게 되면 기종이 더욱 복잡해지게 되는데 앞으로는 기재에 연료 효율성, 그리고 수익성을 기준으로 하게 될 거다. 현재 주문이 들어가 있는 에어버스사의 350-900과 1000 기종, 보잉의 777-9기종이 대형기로서는 주력이 될 거다. 주문이 돼 있는 787 같은 기종도 다 들어오게 되면 50여 대 가까이 되는데 그것이 중장거리 중형기로서 주력기가 될 예정이다. 소형기 같은 경우, 진에어 같은 경우 에어버스 321네오 주력 기종으로 하게 될 것이고 대한항공도 321을 중심으로 기단을 만들어나갈 생각이다.-소비자 입장에서는 통합 항공사 출범을 앞두고 운임 및 비용 상승, 서비스 품질 저하 우려도 있다.△인천공항에 취항한 외항사가 50여곳 정도다. 우리가 한 도시를 취항하면 상대 국가에서도 상호주의 원칙에 따라 취항할 수 있다. 통합 대한항공은 국내 시장에서 유일하다고 할 수 있지만 독과점이라고 하는 건 솔직히 이해가 안 간다. 서비스 프레젠테이션에서도 보셨겠지만 서비스 질 향상을 위해 굉장히 많은 노력을 하고 있다. 서비스질 저하와 같은 일은 없을 것이라 약속드릴 수 있다.-올 하반기 한진그룹 80주년 맞는데 행사 등 계획이 있나.△10월 창립 80주년이라 대대적인 행사를 준비하고 있다. 이 행사 끝나면 그 행사 준비에 진입. 창업주 회장과 선대 회장께서 이끌어온 발자취를 밟으면서 의미 있는 자리를 만들고자 준비 중이다.",2025.03.11.,긍정
"“가성비 좋던 일본 여행, 이젠 못가나…” ‘100엔 당 1000원’ 약 2년만 눈앞",https://n.news.naver.com/mnews/article/016/0002440586,"넉 달 만에 800원대에서 100원 가까이 껑충관세 공포에 원화가치 하락‘안전 자산’ 엔화, 금리인상 기대까지11일 외환시장에서 오전 9시10분 원/엔 재정환율은 100엔당 994.21원을 기록했다. 원/엔 환율이 990원을 넘은 것은 2023년 4월 27일(1,000.26원) 이후 처음이다. 사진은 이날 서울 김포공항 은행 환전소 모습. [연합][헤럴드경제=김민지 기자] 엔화 강세와 원화 약세가 맞물리면서 원/엔 재정환율이 약 2년 만에 100엔당 1000원 선에 근접했다.원/엔 환율은 넉 달 만에 800원대에서 100원 가까이 껑충 뛰었다. 도널드 트럼프 미국 대통령의 관세 위협과 미국 경기 침체 우려 속에 안전자산으로 분류되는 엔화는 상대적으로 잘 버티지만, 우리나라 원화는 유독 취약한 모습을 보인 탓이다.11일 서울 외환시장에서 원/엔 재정환율(하나은행 고시 기준)은 주간 거래 마감 무렵 989.85원을 기록했다. 전날 기준가보다 5.81원 올랐다. 오후 3시 30분 고시 가격 기준으로 2023년 5월 12일(990.39원) 이후 1년 10개월 만에 최고치다.원/엔 환율은 이날 오전 995.09원까지 오르기도 했다. 이는 오후 3시 30분 고시 가격 기준 2023년 4월 27일(1,000.26원) 이후 가장 높은 수준이었다.원/엔 환율은 지난해 7월 11일엔 852.72원까지 내렸다. 당시 미국과 유럽 등 주요국과 우리나라가 통화 긴축 기조를 이어가는 동안 일본은행은 통화 완화 정책을 고수해온 탓에 엔화가 약세였다.거꾸로 주요국이 정책금리 인하를 시작한 가운데, 일본은행이 지난해 3월 17년 만에 정책금리를 올린 데 이어 7월 말에도 추가로 금리를 인상하자 엔화는 강세를 보였다. 원/엔 환율은 지난해 8월 초 964.60원까지 올라섰다.이후 일본은행 금리인상 기대가 약해지면서 11월 도로 800원대로 내려섰다가 12월 비상계엄에 따른 우리나라 정치 불안이 겹치면서 900원대 중반까지 도로 상승했다.최근엔 이에 더해 미국 경기 침체 우려와 그에 따른 미국 증시 급락이 안전자산인 엔화 가치를 더욱 끌어올리고 있다.트럼프 대통령이 경기 침체(recession) 가능성도 배제하지 않고 고율의 관세 정책 강행을 시사하면서 시장에서는 경기 불안이 고조됐다.백석현 신한은행 이코노미스트는 “미국 주가가 하락하면서 엔화가 강세 압력을 받았다”며 “미국 주가가 하락할 때는 안전자산인 미국 국채 가격이 상승하면서(금리 하락) 달러가 하락 압력을 받고 상대적으로 엔화가 상승하는 경향이 있다”고 설명했다.10일(현지시간) 뉴욕 증시에서 스탠더드앤드푸어스(S&P) 500지수는 2.70% 급락했으며, 기술주 중심의 나스닥 종합지수도 4.00% 폭락해 지난해 10월 이후 처음으로 1만8000선이 무너졌다.미국발 관세 위협에서 일본은 다소 벗어나 있지만 한국은 취약한 점도 원/엔 환율을 끌어올린 요인이다. 일본은 상대적으로 무역 의존도가 낮고 미국이 직접 겨냥하는 주요국이 아니지만, 한국은 수출 의존도가 높아 관세 위협에 더 약하다는 인식이 통화 가치에도 반영된 것이다.시장에서는 원/엔 환율이 1000원을 넘어설 수 있다는 전망도 나온다. 트럼프 대통령이 예고한 대로 4월에 자동차 등에 25% 관세를 부과하는 정책이 발표될지가 주요 변수로 분석된다.백 이코노미스트는 원/엔 환율이 단기간에 오른 만큼 일부 하락할 수 있다면서도 “생각보다 되돌림이 지연되고 있고, 폭도 작을 수 있다고 생각한다”고 말했다. 그는 올해 연평균 원/엔 환율 950원대 전망을 유지했다.국제금융센터에 따르면 일본계 투자은행 노무라도 원화가 엔화 대비 약세일 것으로 예상했다. 글로벌 위험회피 심리가 확산하고 있고, 일본 임금협상(춘투) 결과 임금인상 폭이 예상을 웃돌 수 있다는 이유에서다.",2025.03.11.,긍정
“에어부산 분리매각 없다” 부산 거점 항공사 전략 ‘타격’,https://n.news.naver.com/mnews/article/082/0001315588,"한진 조원태 회장 11일 발언“진에어가 부산서 역할 할 것”가덕신공항 모항 항공사 요구지역 여론과 정면 배치 입장김해국제공항 활주로에서 에어부산 여객기가 대한항공 여객기 앞을 지나가는 모습. 부산일보DB조원태 한진그룹 회장이 에어부산 분리매각에 대해 “크게 생각해본 적 없다”고 공개적으로 천명, 에어부산을 거점 항공사로 확보하려던 부산 지역 전략에 먹구름이 드리워졌다. 조 회장이 공개석상에서 에어부산 분리매각 입장을 밝힌 것은 이번이 처음이다. 조 회장은 대신 “진에어가 에어부산이 해 온 역할 이상으로 중요한 역할을 할 것”이라고 했다.조 회장은 11일 서울 강서구 대한항공 본사에서 신규 기업 이미지(CI) 발표를 겸해 열린 국내 언론과의 기자간담회에서 부산시 등에서 요구해온 에어부산 분리매각에 대해 “에어부산 분리매각 얘기는 2~3년 전부터 나왔는데 기본적으로 크게 생각해 본 적이 없다. 에어부산 직원도 우리의 한 가족”이라며 “진에어가 에어부산이 지금까지 부산에서 해 온 역할 이상으로 중요한 역할을 할 것으로 계획한다”고 말했다.조 회장은 대한항공 산하 진에어와 아시아나항공 산하 에어부산·에어서울 등 저비용항공사(LCC) 3사 통합에 대해서는 “시스템이 3사가 다 다르기도 하고, 에어부산은 부산을 기반으로 하고 있어 조금 더 노력이 많이 필요할 것”이라고 설명했다. 조 회장이 에어부산을 진에어를 중심으로 한 3사 통합의 한 부분으로 여긴다고 해석될 수 있는 발언이다.이 같은 조 회장 발언은 그동안 부산 시민과 시민단체가 에어부산을 가덕신공항 개항 시 신공항을 모항으로 운영할 거점 항공사로 보고, 에어부산 분리매각을 요구해 온 입장과는 정면 배치된다. 실제 대한항공은 최근 김해공항 국제선 운항을 축소하는 한편, 인천공항 중심으로 노선 확대에 나서고 있어 이런 우려를 키워왔다.조 회장은 대한항공과 아시아나항공 통합 항공사가 국내에서는 유일한 대형 항공사(FSC)가 될 수는 있으나, 항공 시장에서 독과점 구조가 발생할 것이라는 우려에는 동의할 수 없다는 입장을 밝혔다. 상호주의 원칙에 따라 대한항공이 취항하는 국가의 항공사도 한국에 취항할 수 있기에 외항사와의 경쟁이 있다는 설명이다.조 회장은 대한항공과 아시아나항공의 마일리지 통합 방안에는 “모든 고객이 이해할 수 있는 수준에서 합리적으로 통합하는 것이 목표”라며 “아직 말씀드릴 단계는 아니지만 조만간 발표하게 될 것 같다”고 했다. 대한항공은 올해 6월까지 마일리지 전환 비율을 공정거래위원회에 보고할 예정이다.대한항공은 아시아나항공과 통합으로 사용하게 되는 신규 기업 이미지(CI)를 이날 발표했다. 조 회장은 대한항공과 아시아나항공의 완전한 결합을 1년 반 넘게 앞둔 현시점에 신규 CI와 기업 가치 체계를 발표한 데 대해 “(통합을 앞두고) 직원들의 마음가짐이 바뀌는 게 더 중요하다고 생각한다”며 “대한항공과 아시아나항공 직원들이 상당히 들뜨고 자신감도 넘치는 지금 시기에 더 추구하는 방향으로 가기 위해 미리 발표했다”고 설명했다.대한항공과 아시아나항공이 보유한 총 250여대의 항공기의 도색을 마치는 데 길게는 3∼4년이 걸릴 것으로 예상된다. 새 로고를 반영한 도장은 대한항공 항공기에 우선 적용되고, 완전한 통합이 이뤄지는 시점 이후 아시아나항공 항공기에도 입혀질 예정이다.",2025.03.11.,중립
"""연금처럼 따박따박""…사망보험금, 살면서 내가 받는다",https://n.news.naver.com/mnews/article/018/0005960448,"사망보험금, 살면서 내가 받는다…‘노후비상금’ 기대보험사, 이르면 3분기 유동화 상품 출시노후 소득으로 활용 가능해져[이데일리 김국배 기자] 40세에 종신보험에 가입한 A씨는 매달 15만 1000원씩 20년 간 총 3624만원을 넣었다. 이 보험은 사망 시 유족에게 1억원이 한꺼번에 지급하는 구조였다. 그러나 노후 생활비가 부족했던 A씨는 최근 보험금을 생전에 연금처럼 받을 수 있는 ‘유동화 옵션’을 선택했다. 유동화 비율 70%를 선택한 A씨는 65세부터 매월 18만원씩, 총 4370만원을 받을 수 있게 됐다. 사망 후에도 3000만원의 보험금은 가족에게 지급된다.앞으로 A씨 사례처럼 유족 등에게 사망 이후 지급하던 사망보험금을 이제는 노후 소득으로 활용할 수 있게 된다.기사의 이해를 돕기 위한 이미지(출처=챗GPT)(그래픽=김일환 기자)금융위원회는 보험사들이 이르면 오는 3분기부터 사망보험금을 가입자가 살아 있을 때 연금·서비스 형태로 받을 수 있는 보험 상품을 출시한다고 11일 밝혔다. 이는 금융당국이 추진하는 ‘노후지원 보험 5종 세트’ 중 하나다. 사망보험금 유동화 대상 상품은 계약자와 피보험자가 같고 보험료 납입을 완료한 금리 확정형 종신보험(계약기간 10년 이상, 납입기간 5년 이상)이다. 보험계약대출이 없는 65세 이상 소비자라면 본인이 가입한 생명보험사에서 신청할 수 있다. 별도 소득이나 재산 요건은 없다. 다만 종신보험 고유 특성 등을 고려해 전액(100%) 유동화는 불가하며, 일시금 형태로 수령 할 수 없다. 유동화 자금은 현물 서비스로도 제공 받을 수 있다.금융위 관계자는 “서비스형 상품은 요양시설과 건강관리(헬스케어)·간병 서비스 등과 연계한 다양한 상품이 출시될 것으로 기대한다”고 했다.",2025.03.11.,중립
"'수소'에 대한 정의선 회장의 의지, 수소연료전지 공장으로",https://n.news.naver.com/mnews/article/008/0005164325,"(서울=뉴스1) = 현대자동차는 21일(현지시간) 미국 로스앤젤레스(LA) 컨벤션 센터에서 개막한 '2024 LA 오토쇼'에 참가했다고 22일 밝혔다.  사진은 이날 북미 시장에 처음 공개한 수소전기 콘셉트카 '이니시움'. 현대차의 27년 수소 역사와 의지를 집약한 차량이다. 내년 상반기 선보일 차세대 수소 승용 전기차의 상품과 디자인 방향성을 담았다. (현대자동차 제공) 2024.11.22/뉴스1  Copyright (C) 뉴스1. All rights reserved. 무단 전재 및 재배포,  AI학습 이용 금지. /사진=(서울=뉴스1)현대차가 국내에 수소연료전지 공장을 세우는 것은 수소 사업에 대한 의지의 표현으로 해석할 수 있다. 수소차 판매가 둔화된 상황에서도 미래 에너지는 수소라는 확신을 가지고 있는 정의선 현대차그룹 회장의 의지가 반영됐다는 것이다.11일 업계에 따르면 현재 자동차 시장에서 수소차는 주류가 아니다. SNE리서치에 따르면 지난해 전 세계 수소차 판매량은 1만2866대에 불과하다. 현대차가 3836대(점유율 29.8%)를 판매해 1위였고, 토요타가 1917대(14.9%)를 팔아 2위였다. 2022년 2만704대를 기록한 뒤 2년 연속 판매량이 줄고 있다. 반면 글로벌 전기차 판매량은 2022년 1054만대→2023년 1398만대→2024년 1763만대로 확대되고 있다. 수소차에 대한 회의적인 시선이 있는 것도 현실이다.그러나 현대차는 꾸준히 수소사업에 대한 의지를 내비쳤다. 지난해 초 미국에서 열린 세계 최대 전자 전시회 CES에서 기존 수소연료전지 브랜드인 'HTWO'를 수소 밸류체인 사업 브랜드로 확장한다는 선언이 시작이었다.이후 현대차는 지난해 2월 현대모비스가 영위하던 국내 수소연료전지사업 일체를 인수했다. 수소 분야의 연구개발 역량을 결집해 속도감 있게 수소 사업을 추진하기 위한 결정이었다. 현대차는 또 수소 밸류체인 사업화를 위해 2033년까지 2조5000억원을 투입해 수소 생산과 운송, 저장·활용 등을 아우르는 수소 밸류체인 사업화에 나선다는 계획도 발표했다.더 나아가 글로벌 수소차 시장 점유율 1위인 현대차는 2위인 일본 토요타와 지난해 말부터 수소 생태계 구축 논의도 이어가고 있다. 정 회장은 지난해 10월 토요타 아키오 회장과 만나 수소 관련 논의를 진행하는 등 협력 방안을 논의했다. 수소 충전소 등 충전 인프라를 대거 확보하고 수소 충전 사업에서 협력할 것으로 예상된다.한국, 일본 국가 차원에서의 수소 교류에도 현대차는 빠지지 않는다. 현대차는 일본 내 수소 협력 네트워크 구축 및 교류 활성화를 위해 전날부터 3일간 일본 도쿄와 가와사키 등지에서 열리는 한일의원연맹 방일행사에 참여했다. 현대차는 이번 양국 의원 행사 참여를 통해 일본 내 유기적인 수소 협력체계를 구축하고, 이를 기반으로 양국은 물론 글로벌 차원의 수소산업 생태계 구축과 수소시장 확대를 가속화한다는 계획이다.업계에서는 수소사업을 둘러싼 현대차그룹의 이같은 행보가 자동차 업계에서는 이례적이라고 말한다. 정 회장이 수소를 미래에너지로 낙점하지 않았다면 현재 상황에서 이같은 노력을 하기는 어렵다는 것이다. 업계 관계자는 ""수소차는 현재 글로벌 시장에서 존재가 미미한데도 현대차그룹은 투자를 아끼지 않고 있다""며 ""현대차그룹이 수소차 분야에서도 퍼스트 무버가 되려고 하는 것 같다""고 말했다.한편 현대차는 올해 상반기 수소차 '넥쏘'의 후속 모델을 출시할 계획이다. 현대차는 지난해 10월 넥쏘 후속 모델의 콘셉트 디자인인 이니시움(INITIUM)을 공개하며 수소 기술에 대한 지속적인 투자와 개발 의지를 강조했다. 이니시움의 실제 양산 모델인 신형 승용 수소차를 올해 북미 시장에 선보일 예정이다.",2025.03.11.,중립
테슬라·엔비디아만 믿었는데… 처참한 수익률에 서학개미 ‘비명’,https://n.news.naver.com/mnews/article/469/0000853182,"매수 몰렸던 대형 기술주 약세 두드러져카카오페이증권 고객조사 수익률 반토막""장기적으로 우상향"" 믿음에 매수는 계속도널드 트럼프(오른쪽) 미국 대통령이 11일 워싱턴 백악관 집무실에서 일론 머스크 테슬라 최고경영자(CEO)의 언론 브리핑을 듣고 있다. 워싱턴=AP 뉴시스“테슬라로 나락 갔다. 800만 원이 478만 원 될 줄은 몰랐다.”정보기술(IT)기업 직원 김모(36)씨는 올해 초 받은 성과급으로 테슬라 주식을 샀다가 밤잠을 못 이루고 있다. 수익률이 마이너스(-)41%까지 추락한 탓이다. ‘일론 머스크(테슬라 최고경영자)가 미국 정부 2인자라던데 잠시 쉬었다 오르겠지’ 싶어 주당 380달러에 여유 자금을 탈탈 털어 넣었지만 오판이었다. 김씨는 “이제는 너무 떨어져서 뺄 수도 없고 버티는 방법뿐”이라고 토로했다.금융사에 재직 중인 이모(35)씨도 주식 계좌만 보면 심란한 건 마찬가지다. 믿었던 엔비디아 주가가 연일 내리막을 걷고 있어서다. 지난해 여름 1,000만 원 정도 투자해 한때 수익률이 40%에 육박하기도 했지만, 올해 들어 하락장이 깊어지며 수익률이 -2.5%까지 떨어졌다. 국고채 위주로 굴렸던 퇴직연금도 지난해 연말부터 미국 상장지수펀드(ETF) 비중을 절반까지 늘렸다가 마이너스가 속출해 손해를 보고 있다.“작년 상승장에서 번 돈 올해 모두 잃고 본전 된 셈이지만, 장기적으로 우상향할 것이라 믿는다”고 그는 말했다.지난해 사상 최고치를 경신했던 미국 증시가 올해 고강도 관세정책과 경기 침체 우려로 상승분을 거의 반납하자 국내에서 해외주식을 거래하는 ‘서학개미’의 투자 수익률도 곤두박질치고 있다. 특히 투자 인기 종목인 테슬라, 엔비디아 등 대형 기술주 약세에 따른 타격이 커 노심초사하고 있다.11일카카오페이증권은지난달 거래된 미국 주식 종목의 전체 평균 수익률이 4%로 집계됐다고 밝혔다. 1월(8.7%) 대비 절반 이상 깎인 것이다. 이 기간 구매금액 1위는 테슬라 주가 상승률을 2배로 따르는 레버리지 ETF(TSLL)였고, 테슬라가 2위, 엔비디아와 팔란티어가 각각 3, 4위를 차지했다. 한국예탁결제원의 시장 전체 통계에선 테슬라의 한 달 매수액이 가장 많았다. 그다음이 TSLL이었고, ICE 반도체지수 하루 수익률을 3배 추종하는 디렉시온 데일리 세미컨덕터 불 3배 ETF(SOXL)가 뒤를 이었다.이들상위 종목 주가가 크게 하락하면서 전체 투자 수익률을 끌어내린 것으로 분석된다. 현지시간 기준 지난 한 달간(2월 11일~3월 10일) 테슬라 주가는 36.66% 하락했고, 레버리지 상품인 TSLL ETF는 62.86%나 폭락했다. 같은 기간 엔비디아 주가 역시 19.91% 떨어졌다. 팔란티어 주가도 34.52%의 큰 하락률을 보였다. 주도주가 일제히 부진에 빠진 결과, 나스닥 지수는 -11.39%의 처참한 성적표를 받아 들었다.공격적 투자  비중이 상대적으로 높은 20·30대가 하락장의 타격을 더 크게 받은 것으로 나타났다. 20·30대는 카카오페이증권에서 테슬라 2배 레버리지 ETF와 엔비디아 2배 레버리지 ETF를 적극 매입했는데, 평균 수익률이 3%로 전 연령대 평균(4%)을 하회했다. 레버리지 투자 비중이 높을수록 수익률 변동성이 더 크다. 반면 개별 종목을 중심으로 투자하는 경향이 강한 40·50대의 평균 수익률은 5%로 전체 평균보다 높았다.서학개미들의 미국 기술주 매수세가 쉽게 꺾이지 않고 있다는 점은 우려스러운 부분이다. 긴 시각으로 보면 결국 오를 것이란 믿음 때문인데, 미국 경제 침체 가능성도 커지면서 손실이 커지고, 회복까지 장기화할 수 있다는 지적도 나온다. 예탁결제원에 따르면 이달 들어 10일까지 미국 주식 거래는 매수액(79억1,700만 달러)이 매도액(63억2,900만 달러)을 웃도는 순매수세를 유지하고 있다. 테슬라 매수액이 8억3,000만 달러로 가장 많았고, SOXL ETF(7억8,000만 달러)와 TSLL ETF(5억8,800만 달러)와 같은 레버리지 상품 수요도 여전했다.",2025.03.11.,긍정
"""면세점 자생 어렵다…인천공항 임대료 구조 개선·감면 나서야""",https://n.news.naver.com/mnews/article/277/0005559054,"'K면세산업' 관련 국회 토론회면세업 불황, 관광객 쇼핑행태 변화·낮아진 객단가 영향전문가 ""인천공항 임대료 줄이고 징수 구조 바꿔야""인천국제공항의 면세점들이 내는 임대료 구조를 빠르게 개선해야 한다는 목소리가 나왔다. 코로나19 이후 관광객들이 늘어나고 있음에도 면세업이 좀처럼 회복세를 보이지 못하고 있는 만큼 인천공항이 특단의 대책을 내놓아야 한다는 것이다.외국인 쇼핑 행태 변화…인천공항 면세점 임대료 징수 구조 바꿔야홍규선 동서울대학교 관광학과 교수는 11일 서울 국회 의원회관에서 열린 '항공·관광산업의 위기 진단과 해법 모색 : K면세산업을 중심으로' 세미나에서 ""인천공항 면세산업의 회복을 위해 임대료 부담을 완화해야 한다""며 ""면세점이 무너져 공항에 사람이 없다면 인천공항과 이용객 모두 피해를 보게된다""고 밝혔다.현재 인천공항의 임대료 구조는 인천공항 전체 출국여행객 숫자에 객당 임대료를 곱해서 산정된다. 면세점을 찾는 사람들이 줄어도 출국 여행객 숫자가 많아지게 되면 임대료는 오르는 구조다. 이 때문에 면세 업황은 코로나19 이전보다 더 악화됐음에도 인천공항 전체 임대료는 빠르게 올랐다. 지난해 인천공항 전체 면세점 임대료는 6445억원으로 2022년 1403억원 대비 5000억원가량 증가했는데, 이 기간 면세시장 매출액은 17조원에서 14조원으로 줄었다.이에 대해 홍 교수는 ""인천공항에 입점한 면세점들은 과도한 임대료 부담을 시내 면세점 매출로 보전하는 상황""이라며 ""홍 교수는 ""(임대료 부담 완화를 위해)여행객 수에 비례해 임대료를 징수하는 구조는 현 상황에서 지속할 수 있지 않으며 연령, 경로, 체류시간, 환승 여부 등을 고려해 차등 적용 해야 한다""고 설명했다.면세산업이 침체에 빠진 것은 중국인을 중심으로 한 외국인의 쇼핑 관광 형태 변화, 낮아진 객단가 등으로 인해 침체에 빠진 것으로 확인된다. 이날 토론회에서 발제를 맡은 김숙경 산업연구원 선임연구위원은 ""2018~2019년 외국인 관광객 주요 쇼핑 장소 상위 5개를 꼽으면 로드숍, 공항면세점, 시내면세점, 동대문시장, 백화점 순이었지만 2024년에는 면세점이 포함되지 않고 있다""고 설명했다. 특히 중국인의 관광객 상위 10개 업종을 보면 2019년에는 면세점의 비중이 63%에 달했는데 지난해에는 13%로 크게 낮아졌다.실제로 외국인 면세점 관광객 수는 늘고 있지만, 면세점에서 물건을 구매하는 관광객들은 크게 줄어든 모습이다. 면세점 관광객 중 면세품을 구매하는 고객 비율을 의미하는 외국인 관광객 구매 전환율은 2019년 114.4%에 달했지만 2023년은 54.6%, 2024년은 57%로 반토막 난 상황이다.김 연구위원은 ""현재 면세점 매출액이 2019년 수준에 도달하려면 전체 면세점 매출은 75%, 인천공항 면세점 매출액은 39% 신장해야 한다""며 ""개선 폭이 커야 하는 상황으로 외국인들의 쇼핑행태는 단기간에 거쳐서 개선이 이뤄지기는 어렵기 때문에 많은 고민이 필요한 상황""이라고 설명했다.""인천공항 비항공수입 65%, 특단의 지원책 내놓을 때""11일 서울 국회 의원회관에서 열린 '항공·관광산업의 위기 진단과 해법 모색 : K면세산업을 중심으로' 세미나에 참석한 토론자들의 모습. 왼쪽부터 임성빈 인천국제공항공사 상업서비스 차장, 고상동 영진사이버대학교 관광영어학과 교수, 이강석 한서대학교 항공교통물류학과 교수, 신윤근 국토교통부 항공정책과장.이어진 토론회에서도 면세점들의 상황이 어려운 만큼 인천공항 임대료를 낮춰야 한다는 의견이 나왔다. 고상동 영진사이버대학교 관광영어학과 교수는"" 인천공항 면세점들의 울부짖음을 해소하는 것에 초점을 맞춰야 하며 임대료 감면과 같은 특단의 지원책이 필요하다""고 주장했다.이날 고 교수는 ""인천공항이 세계 1, 2위 글로벌 최우수 공항으로 선정되고 눈부신 발전을 할 수 있던 것은 면세점의 재정적인 기여도가 상당했다""며 ""자구책을 면세점 자체에 맡기더라도 임대료의 경우 전향적인 조치가 필요하다""고 목소리를 높였다.나아가 고 교수는 인천공항공사의 수익구조를 지적하며 비항공수익 비중을 장기적으로 하향해 나가야 한다고 말했다. 현재 인천공항의 수익구조는 항공 수익 비중이 35%, 비항공수익이 65% 정도다. 비항공수익은 면세점 수수료와 부동산 임대료가 주를 이룬다. 영국 히드로, 네덜란드 암스테르담, 독일 프라포트공항의 항공 수익 비중은 57~60% 정도다. 끝으로 그는 ""적자를 면치 못하는 면세점 운영 형태를 그대로 방치한다는 것은 인천공항의 동력 상실을 가져올 것""이라고 목소리를 높였다.이강석 한서대학교 항공교통물류학과 교수는 '공항경제권'을 언급하며 장기적으로 면세점들이 혜택받을 수 있는 생태계를 조성해야 한다고 주장했다. 공항 경제권이란 공항의 항공운송 네트워크와 연계해 새로운 경제가치를 창출하는 공항 중심의 산업생태계를 의미한다. 공항경제권을 구축해 조세, 부담금 감면 등 각종 혜택을 주게 되면 나아가 면세업자들도 혜택을 누릴 수 있다는 판단에서다.이 교수는 ""중앙정부, 공항공사, 항공사, 민간 등 협력적 거버넌스의 주체를 구성해 법률적인 지원을 받아 상호협력하는 방안이 있다""며 ""단기적으로는 공항 면세점들의 적자 누적을 해소하기 위해 임대료 조정(여객수 객당 임대로 산정방식)이 필요하다""고 말했다.정부 측 토론자와 인천공항공사 측은 지속적인 논의를 통해 면세 업황을 개선에 힘을 보태겠다는 뜻을 밝혔다. 신윤근 국토교통부 항공정책과장은 ""직접적으로 면세점 업계에 대해 역할을 하기가 어려운 것이 사실""이라며 ""(인천공항 임대료에 대해) 면세점 임대료, 부동산 임대 수익이 실적에 중요한 부분을 차지하고 있기 때문에 논의가 필요하다""고 말했다.임성빈 인천국제공항공사 서비스차장은  ""방안을 모색하고 도움이 필요하다는 것은 알고 있지만, 제약이 있는 상황으로 새롭게 프레임을 짤 수 있는 제도와 법 개정도 필요하다""고 설명했다.일부 사업자 특혜 우려 속 시내면세점 철수 가속화일각에서는 인천공항 임대료를 낮추는 것이 형평성에 어긋난다는 지적도 나온다. 면세업 전반에 대한 제도 개선 목소리가 아닌 일부 사업자에게만 혜택을 주는 꼴이 될 수 있기 때문이다. 2023년 입찰 당시 인천공항은 임대료 조정은 향후 없을 것이라고 안내한 바 있다. 한 면세업계 관계자는 ""면세 산업 발전을 위해서는 공항 임대료뿐만 아니라 (시내면세점을 포함한) 업계 전반의 제도 개선이나 정부 지원이 먼저 이뤄져야 한다""고 주장했다.이러한 가운데 적자 골이 깊어진 시내 면세점들 중심으로 수익성 개선을 위해 강력한 처방을 내리고 있다. 롯데면세점은 면세업계에서 처음으로 거래 규모가 가장 큰 다이궁(중국인 보따리상)과의 거래를 전면 중단했다. 매출이 크게 줄더라도 이익을 높이는 고강도 체질 개선 에 나선 것이다.철수 소식도 들린다. 지난 1월 신세계면세점을 운영하는 신세계디에프는 세관과 협의해 부산점 운영 특허권을 반납한다고 밝혔다. 2026년까지 영업할 수 있는 특허권을 받았지만, 실적 부진으로 조기 철수를 결정한 것이다. 당시 신세계 면세점은 인천공항과 서울 명동 본점 운영에 역량을 집중하겠다는 뜻을 밝히기도 했다현대면세점은 시내 면세점 효율성 강화를 위해 다양한 방안을 검토 중이다. 업계에서는 현대면세점 동대문점의 적자 누적이 극심한 만큼 철수 결정을 내릴 것으로 보고 있다. 다만 인터넷면세점 운영을 위해서는 시내면세점 사업권을 갖고 있어야 하므로 시내면세점을 모두 철수하지는 않을 것으로 보인다. 현대면세점 관계자는 ""면세점 효율성 강화 방안에 대해 다양한 검토 중""이라며 ""동대문점과 무역점 모두 현재까지 공식적으로 철수를 논의한 적은 없다""고 말했다.",2025.03.11.,중립
홍콩 증시 급등에 한국 투자자 몰렸다…3년 만에 최대 순매수,https://n.news.naver.com/mnews/article/243/0000074173,"샤오미·비야디 등 기술주 인기…AI·전기차 성장 기대감홍콩증권거래소 앞_[EPA 연합뉴스 자료사진][이코노미스트 정동진 기자]국내 투자자들이 홍콩 증시에 다시 적극 뛰어들면서 최근 3년 만에 가장 큰 규모의 순매수를 기록하고 있다.11일 예탁결제원에 따르면 지난 2월 한국 투자자들이 홍콩 주식을 1억8900만달러(약 2753억원)어치 순매수했다. 이는 2022년 3월 이후 최대 규모다. 이러한 투자 추세는 3월에도 계속돼, 지난 10일까지의 순매수 규모는 이미 1억2720만달러(약 1852억원)에 이르고 있다. 금융권에서는 최근 두 달간의 누적 순매수가 2021년 초 이후 최고 수준을 기록할 것으로 보고 있다.지난해 홍콩 H지수 연계 ELS(주가연계증권) 손실 여파로 국내 투자자들이 한동안 홍콩 증시에서 손을 뗐으나, 올해 들어 항셍지수가 급격히 상승하면서 투자자들의 관심이 다시 높아졌다는 분석이다. 올해 들어 항셍지수는 약 20% 상승하며 뚜렷한 회복세를 나타냈다. 특히 인공지능(AI) 스타트업 딥시크(Deepseek)의 등장 이후 기술주에 대한 관심이 증가하며 상승폭이 더욱 커졌다.실제로 한국 투자자들의 관심은 홍콩 주요 기술주로 쏠리고 있다. 예탁결제원 자료에 따르면 지난달 가장 많은 관심을 받은 종목은 샤오미(9022만달러)였다. 그 뒤를 전기차 기업 비야디(BYD·7763만달러)와 중국 최대 전자상거래업체 알리바바(4324만달러)가 이었다.중국 본토 투자자들 역시 홍콩 주식 매수에 적극적인 상황이다. 지난 10일 하루 동안 중국 본토 투자자들은 홍콩 주식을 38억달러(약 5조5343억원) 규모로 순매수하며 역대 최고치를 기록했다.중국 관영 매체 CCTV 역시 한국 투자자들의 움직임을 주목했다. CCTV는 지난달 한국 투자자들이 중국 본토와 홍콩 증시에 투자한 자금이 7억8200만달러(약 1조1000억원)로 전달 대비 약 200% 증가했다고 전했다. 특히 전기차, AI, 반도체 등 첨단 기술 분야 기업들이 한국 투자자들의 관심을 받고 있다고 보도했다.홍콩 동아은행의 제이슨 챈 선임 전략가는 ""중국 본토 투자자들은 여전히 홍콩 기술주가 저평가됐다고 판단하고 있으며, AI 등 첨단 산업에 대한 정부 정책 기대감이 투자 증가로 이어지고 있다""고 분석했다.",2025.03.11.,긍정
‘경기침체 불사’ 트럼프에…M7 시총 하루 1100조원 사라져,https://n.news.naver.com/mnews/article/025/0003426150,"미국의 경기침체 우려가 본격화하면서 자산시장이 일제히 비명을 질렀다. 엔비디아‧애플‧테슬라 등 7개 대형 기술주 ‘매그니피센트 7(M7)’의 시가총액만 하루 새 1100조원 이상 사라졌다. 도널드 트럼프 대통령의 관세 정책에 대한 불안감이 커지면서 전 세계에서 미국 경제만 호황을 누릴 것이라는 ‘미국 예외주의(아메리칸 익셉셔널리즘)’는 흔들리고 있다.━다우·S&P·나스닥 일제히 급락신재민 기자10일(현지시간) 뉴욕증권거래소에서 나스닥 종합지수는 전 거래일보다 4% 하락한 1만7468.33을 기록했다. 2022년 9월 13일(-5.16%) 이후 2년6개월 만에 최대 낙폭이다. 다우존스30, S&P500 지수도 각각 2.08%, 2.7% 떨어졌다. 기술주 중심으로 하락 폭이 크게 나타나면서 M7의 시가총액은 7740억 달러(1125조원) 감소했다. 특히 테슬라 주가가 15.4% 급락해 도널드 트럼프 대통령 당선 이후의 상승분을 모조리 반납했다.월가의 공포지수로 불리는 미 시카고옵션거래소의 변동성지수(VIX)는 전 거래일보다 4.49포인트 오른 27.86으로 상승했다. 경기침체 우려가 제기된 지난해 8월 이후 7개월 만에 가장 높은 수준이다. 글로벌 암호화폐 거래소인 바이낸스에서 비트코인 개당 가격은 이날 한때 7만6600달러까지 하락하면서 지난해 11월 10일 이후 최저치를 기록하기도 했다.차준홍 기자미국발 악재는 한국 등 아시아까지 덮쳤다. 11일 코스피는 전 거래일보다 32.79(1.28%) 하락한 2547.6에 거래를 마쳤고, 코스닥도 4.32(0.6%) 하락한 721.5를 기록했다. 이날 대만 가권(자취안)지수는 1.73% 하락해 지난해 9월 이후 최저치를 기록했다. 일본 닛케이225는 전 거래일보다 0.64% 하락했다. 미국을 대체할 투자처로 꼽히는 중국의 상하이종합지수는 0.41% 상승 마감했다.━경기침체 부인 안 한 트럼프미국 경기침체(Recession)의 그림자가 자산시장에 짙게 드리운 건 트럼프 대통령의 지난 주말 인터뷰 때문이다. 트럼프 대통령은 폭스뉴스 인터뷰에서 ‘올해 경기침체를 예상하느냐’는 질문에 “우리가 하는 일은 크기 때문에 과도기가 있다”고 답했다. 관세 정책 등이 경기침체를 불러오더라도 강행하겠다는 의도를 보였다는 해석이 나왔다.지난 4일(현지시간) 재집권 후 첫 미 상·하원 합동연설에 나선 도널드 트럼프 미국 대통령. AP=연합뉴스미국의 경기 비관 전망은 글로벌 투자은행 사이에서도 확산하고 있다. WSJ에 따르면 JP모건은 올해 미 경제가 경기침체에 빠질 확률을 30%에서 40%로 상향 조정했다. 골드만삭스도 12개월 내 경기침체 확률을 15%에서 20%로 올리면서 올해 미국 성장률 전망치를 2.4%에서 1.7%로 대폭 하향했다.미 증시 폭락 이후 미 재무부 장관을 지낸 래리 서머스는 SNS를 통해 “두 달 전까지만 해도 올해 경기침체 가능성은 작다고 봤는데 지금은 50 대 50에 가까워지고 있다”며 “완전히 역효과를 내는 경제정책 때문”이라고 말했다. 미국 경제가 나빠질 것이라는 우려가 장기 국채금리까지 끌어내리면서 10년 만기 미 국채금리는 10일 전 거래일보다 0.09%포인트 하락한 4.21%로 마감했다.이윤수 서강대 경제학과 교수는 “관세 때문에 경기가 나빠지는 게 아니냐는 우려가 커지는 상황에서 트럼프 대통령의 ‘과도기가 필요하다’는 발언이 기름을 부었다”며 “관세 정책 불확실성으로 인해 투자가 줄고, 가격이 오르면서 소비 여력은 떨어질 것으로 보인다. 경기 둔화는 불가피한 상황”이라고 말했다. 다만 그는 “경기둔화는 몰라도 경기가 침체할 것이라는 지표까지는 나타나지 않은 상황”이라고 덧붙였다.━달러 가치도 하락세‘미국 예외주의’엔 물음표가 커졌다. 미국의 견고한 성장을 기반으로 하던 달러 가치 상승세도 꺾였다. 주요 6개국 통화 대비 달러 가치를 보여주는 달러인덱스는 10일 103.8까지 떨어졌다. 지난 3일부터 6거래일 연속 하락세다. 달러인덱스는 109.96까지 치솟았던 지난 1월과 비교하면 5.6% 하락했다. 트럼프 대통령 당선이 확정됐던 지난해 11월 6일 이후 가장 낮은 수준이다.차준홍 기자백석현 신한은행 이코노미스트는 “지금까지 달러 가격이 상승했던 건 미국 경제가 계속 호황을 누릴 것이라는 기대에 미국으로 돈이 계속 쏠렸기 때문”이라며 “미국 경제에 경고등이 들어온 데다 반대로 유럽은 경기가 반등할 것이라는 기대, 일본은 금리 인상 기대 등 호재가 있다. 통화가치는 상대적인 만큼 달러 가격이 내려갈 것”이라고 설명했다.트럼프 대통령의 관세 정책 조정 여부에 따라 자산시장 흐름은 바뀔 수도 있다. 석병훈 이화여대 경제학과 교수는 “트럼프 대통령이 관세를 상대국을 협박하기 위한 카드로 사용하고 실제 적용하는 세율은 그보다 낮출 것으로 보인다”며 “내년 말로 예정된 중간선거에서 승리하는 게 목표인 만큼 실제 경기침체로 이어지지는 않도록 조정할 것”이라고 말했다.",2025.03.11.,긍정
사망보험금 살아서 받는다…1억 보험금 70세 수령땐 월 20만 원,https://n.news.naver.com/mnews/article/011/0004460095,"◆제7차 보험개혁회의이르면 올 3분기부터 제도 시행보험금 최대 90%까지 연금수령보험금 기반 요양·건강서비스도김소영(왼쪽 네 번째) 금융위원회 부위원장을 비롯한 참석자들이 11일 서울 종로구 정부서울청사 별관에서 열린 보험개혁회의에서 박수를 치고 있다. 연합뉴스[서울경제]이르면 올해 7월부터 만 65세 이상 종신보험 가입자가 사망보험금을 연금 형태로 받을 수 있게 된다. 보험금을 생전에 받을 수 있다는 점에서 노후 보장에 큰 도움이 될 것으로 보인다.금융위원회와 금융감독원은 11일 정부서울청사에서 제7차 보험개혁회의를 열고 이 같은 내용을 뼈대로 하는 사망보험금 유동화 방안을 확정했다. 앞서 금융위는 사망보험금을 연금으로 유동화할 수 있도록 제도를 마련하겠다고 밝힌 바 있는데 이번에 그 구체안이 결정된 것이다.대상은 만 65세 이상 금리확정형 종신보험 계약자다. 사망보험금의 최대 90%를 사전에 받을 수 있게 유동화를 허용할 계획이다. 계약 기간은 10년, 납입 기간은 5년 이상이어야 하고 보험계약대출도 없어야 한다.유동화 방식은 크게 연금형과 서비스형으로 나뉜다. 연금형은 본인의 사망보험금 일부를 유동화해 매달 연금 방식으로 제공하는 상품이다. 기본적으론 본인이 납입한 보험료보단 많은 액수를 수령할 수 있도록 하되 최대 200% 수준까지 매월 연금으로 받도록 유도할 계획이다.40세에 가입해 매달 15만 1000원의 보험료를 20년간 납입한 고객을 예로 들어보자. 이 고객은 총 3624만 원을 납입했고 사망보험금으로 1억 원을 받게 돼 있다. 20년과 70% 유동화를 선택시 납입한 보험료의 121%인 총 4370만 원을 매월 18만 원(65세 시작시)씩 받을 수 있다. 유동화 비율이 70%라는 것은 1억 원의 보험금 중에 7000만 원만 먼저 탄다는 뜻이다. 80세부터 수령한다면 납입 보험료의 159%인 5763만 원을 타게 되며 월평균액은 24만 원이 된다. 중간인 70세로 하면 월평균 20만 원에 총 수령액은 4887만 원이 된다. 사망보험금 3000만 원은 별도로 챙길 수 있다. 금융 당국 관계자는 “기존 보험계약대출과 비교하면 이자비용 증가 부담과 상환의무가 없다”며 “사망보험금도 본인이 계획한 만큼 남길 수 있는 것도 장점”이라고 설명했다.연금 대신 요양·간병·주거·건강관리 서비스로 보험을 유동화하는 것도 가능하다. 사망보험금 일부를 대가로 보험사 제휴 서비스를 사용할 수 있도록 허용하는 안이 대표적이다. 계약자가 보험사와 제휴를 맺은 요양시설을 일정 기간 무료로 쓰는 대신 사망보험금을 유동화하는 것도 가능하게끔 할 방침이다. 이 외에도 건강검진이나 진료·입원 수속 대행과 같은 건강관리 서비스도 유동화 서비스에 포함한다.금융 당국에선 지난해 말 기준으로 11조 9000억 원가량의 보험계약을 연금화할 수 있을 것으로 기대하고 있다. 계약 건수로는 33만 9000건이다. 1990년대 중반에서 2010년대 초반에 가입한 금리확정형 종신보험은은 보험계약대출이 없다면 대부분 대상에 포함될 것으로 전망된다.다만 금융 당국은 사망보험금을 일시금으로 받는 것은 원천 차단할 방침이다. 사망보험금을 전액 유동화하는 것도 금지한다. 김소영 금융위 부위원장은 “사망보험금 유동화 방안은 소비자에게는 안정적 노후 지원수단이 될 수 있다”며 “새로운 상품구조가 도입되는 만큼 소비자피해가 발생하지 않도록 세밀한 소비자보호장치를 마련하겠다”고 강조했다.",2025.03.11.,중립
"조원태 ""에어부산 분리 매각 없어…진에어가 역할 할 것""",https://n.news.naver.com/mnews/article/374/0000429189,"[조원태 한진그룹 회장이 11일 서울 강서구 대한항공 본사에서 열린 신규 CI 공개 기자간담회에 참석, 단상으로 향하고 있다. (공항사진기자단=연합뉴스)]조원태 한진그룹 회장이 오늘(11일) 에어부산의 분리 매각에 관해 고려하지 않고 있다는 입장을 밝혔습니다.조 회장은 이날 서울 강서구 대한항공 본사에서 신규 기업 이미지(CI) 발표를 겸해 열린 국내 언론과의 기자간담회를 열고 이같이 답했습니다.조 회장은 부산시 등에서 요구해온 에어부산 분리매각과 관해서는 ""기본적으로 분리매각은 크게 생각해 본 적이 없다. 에어부산 직원도 우리의 한 가족""이라며 ""진에어가 에어부산이 지금까지 부산에서 해 온 역할 이상으로 중요한 역할을 할 것으로 계획한다""고 말했습니다.조 회장은 대한항공과 아시아나항공 통합 항공사가 국내에서는 유일한 대형 항공사(FSC)가 될 수는 있으나, 항공 시장에서 독과점 구조가 발생할 것이라는 우려에는 동의할 수 없다는 입장을 밝혔습니다. 상호주의 원칙에 따라 대한항공이 취항하는 국가의 항공사도 한국에 취항할 수 있기에 외항사와의 경쟁이 있다는 설명입니다.조 회장은 ""통합 항공사 규모는 세계 항공사 중 11위 정도가 될 것으로 추정한다""면서도 ""규모보다는 질을 더 따지고 싶다. 가장 안전하고, 고객이나 직원들이 가장 사랑하고 행복할 수 있는, 언제나 고객이 믿어 주시는 항공사가 되는 것이 저희의 목표이기에 이에 더 집중하고자 한다""고 강조했습니다.조 회장은 지난해 12월 자회사 편입 이후 진행 중인 아시아나항공과의 화학적 결합에 대해 ""30여년간 경쟁 관계에 있던 회사라 힘들 것으로 예상했는데 아시아나항공 쪽의 반응을 보면 예상보다는 덜 힘들 것으로 보인다""고 했습니다.대한항공 산하 진에어와 아시아나항공 산하 에어부산·에어서울 등 저비용항공사(LCC) 3사 통합에 대해서는 ""시스템이 3사가 다 다르기도 하고, 에어부산은 부산을 기반으로 하고 있어 조금 더 노력이 많이 필요할 것""이라고 설명했습니다.대한항공과 아시아나항공의 마일리지 통합 방안에는 ""모든 고객이 이해할 수 있는 수준에서 합리적으로 통합하는 것이 목표""라며 ""아직 말씀드릴 단계는 아니지만 조만간 발표하게 될 것 같다""고 했습니다. 대한항공은 올해 6월까지 마일리지 전환 비율을 공정거래위원회에 보고할 예정입니다.조 회장은 대한항공과 아시아나항공의 완전한 결합을 1년 반 넘게 앞둔 현시점에 신규 CI와 기업 가치 체계를 발표한 데 대해 ""(통합을 앞두고) 직원들의 마음가짐이 바뀌는 게 더 중요하다고 생각한다""며 ""대한항공과 아시아나항공 직원들이 상당히 들뜨고 자신감도 넘치는 지금 시기에 더 추구하는 방향으로 가기 위해 미리 발표했다""고 설명했습니다.또 대한항공과 아시아나항공이 보유한 총 250여대의 항공기의 도색을 마치는 데 길게는 3∼4년이 걸릴 것으로 예상된다며 CI 발표를 서두른 이유를 설명했습니다.새 로고를 반영한 도장은 대한항공 항공기에 우선 적용되고, 완전한 통합이 이뤄지는 시점 이후 아시아나항공 항공기에도 입혀질 예정입니다.이번에 공개되지 않은 양사 통합 승무원 유니폼은 통합 완료 시점에 맞춰 공개하는 것을 목표로 하고 있습니다. 조 회장은 ""현재의 유니폼을 능가하고, 그간 승무원들이 제기한 애로를 보완할 수 있는 디자인을 만들기 위해 다 같이 노력하고 있다. 기대하셔도 된다""고 했습니다.조 회장과 국내 언론사와의 간담회는 코로나19 팬데믹 이전인 2019년 11월 이후 한동안 없었다가 이날 5년 4개월만에 다시 열렸습니다.조 회장은 ""최근 경제 상황은 불확실성이 너무나 커지고 있고, 특히 환율 문제로 걱정이 크다""면서도 ""코로나 초기 상황과 비교하면 너무나 쉬운 상황입니다. 더한 위기도 극복해 나간 것처럼 임직원들이 뜻을 합하면 헤쳐 나갈 수 있다""고 자신했습니다.당신의 제보가 뉴스로 만들어집니다.SBS Biz는 여러분의 제보를 기다리고 있습니다.홈페이지 = https://url.kr/9pghjn",2025.03.11.,중립
워런 버핏은 왜 미국 주식을 팔았나…발언 재조명,https://n.news.naver.com/mnews/article/031/0000915217,"#. 직장인 투자자 A씨는 최근 미국 증시를 보며 안도의 한숨을 내쉬고 있다. 얼마 전 워런 버핏 버크셔해서웨이 회장이 주식을 대량 처분했다는 소식을 듣고 혹시 하는 마음에 그 동안 조금씩 투자해오던 나스닥100 지수를 추종하는 3배 레버리지 'TQQQ'를 매도했기 때문이다. 덕분에 미국 증시 하락장에서 큰 손해를 보지 않아 ""땡큐 워런 버핏""을 외치고 있다.미국 증시가 연일 하락하는 가운데, 앞서서 미국 주식을 처분한 것으로 알려진 워런 버핏 버크셔해서웨이 회장의 선견지명이 다시 주목받고 있다.워런 버핏 버크셔 해서웨이 최고경영자(CEO)[사진=워런 버핏 되기 캡처]최근 미국 주식시장의 조정장세가 이어지는 가운데, 미국 스탠다드앤푸어스(S&P) 500 지수는 지난달 19일 이후 약 3주 만에 9% 가까이 떨어졌다.기술주 중심의 나스닥종합지수는 이보다 더욱 낙폭이 커, 같은 기간 13% 하락했다.최근 2년 동안 꾸준히 우상향세를 보여온 미국 주식의 하락세에 투자자들은 불안한 마음을 감추지 못하고 있다.이 가운데 버핏 회장이 증시 조정에 앞서서 미리 미국 주식을 처분한 것으로 알려지면서 그의 발언에 더욱 무게가 쏠리고 있다.버크셔해서웨이가 지난달 14일 미국 증권거래위원회(SEC)에 보고한 자료에 따르면 미국의 대표 주가지수인 S&P500 등락률을 추종하는 상장지수펀드(ETF)인 'SPDR S&P500(SPY)'과 '뱅가드 S&P500(VOO)'를 모두 전량 매도한 것으로 나타났다.지난해 버크셔 해서웨이가 확보한 현금은 3342억 달러(한화 약 480조 5000억원)으로, 1년 전 대비 2배나 증가한 것이다.최근 버핏 회장이 인터뷰에서 도널드 트럼프 미국 대통령의 관세 정책에 대해 비판적으로 발언하며 경제에 경고장을 날렸는데, 그가 경기 침체를 예상했기 때문에 주식을 처분한 것이라는 해석도 나온다.버핏은 지난 2일 CBS와 인터뷰에서 ""관세는 어느 정도 전쟁 행위""라고 말했다.그는 ""시간이 가면 관세는 상품에 매기는 세금이 된다""며 ""경제에선 항상 다음에 어떻게 될 것인지 질문을 던져야 한다""고 강조했다.이에 대해 미국 CNBC는 트럼프 2기 행정부의 관세 정책이 인플레이션을 야기하고 소비자들에게 피해를 줄 것이라고 본 것이라고 해석했다.한편 투자자들은 버핏 회장의 최근 투자 움직임에 대해 ""역시 오마하의 현인이다""라고 감탄하고 있다.""저 분의 혜안의 반의 반만 있었으면 좋겠다"" ""나도 버핏이 팔았다고 했을 때 팔걸 그랬다"" ""버핏은 이보다도 더 한 시장을 평생 보면서 지금의 부를 일군 사람"" ""왜 내가 살 때만 떨어지냐"" 등의 한탄도 나왔다.",2025.03.11.,부정
"통합 대한항공, 41년만에 로고 바꿨다…독점 우려는 과제",https://n.news.naver.com/mnews/article/028/0002735121,"대한항공 신규 로고. 연합뉴스지난해 말 아시아나항공을 품은 통합 대한항공이 41년 만에 새 로고를 공개하고 기내식 등 기내 서비스도 손보기로 했다. 세계 10위권 대형 국적 항공사(메가 캐리어)의 본격 출범을 앞두고 새출발의 시동을 건 셈이다. 시장 독점에 따른 항공권 가격 인상 우려와 아시아나항공 마일리지 통합 등은 통합 항공사가 해소해야 할 과제로 지적된다.대한항공은 11일 서울 강서구 본사 건물에서 기자 간담회를 열어 새 시아이(CI·기업을 대표하는 로고 등 이미지)를 발표했다. 기존 대한항공을 상징하는 심벌마크와 로고를 41년 만에 확 바꿨다. 1988년 서울 올림픽을 앞두고 1984년에 만든 프로펠러 모양의 태극무늬를 최근 추세에 맞춰 짙은 파란색 문양으로 단순화했다.대한항공이 보유한 항공기의 겉모습도 달라진다. 기체 양옆에 써 붙였던 ‘KOREAN AIR’라는 영문을 ‘KOREAN’으로 줄이고, 하늘색이었던 동체를 반짝거리는 짙은 파란색으로 새 단장했다. 조원태 한진그룹 회장은 이날 간담회에서 “시아이를 세계적인 트렌드에 맞춰 현대화한 것”이며 “해외 디자이너로부터 받은 첫 시안에는 태극무늬가 빠져 있었지만, 저희의 정체성을 반영해 태극무늬를 다시 살려 만드는 데 3년이 걸렸다”고 설명했다.대한항공이 11일 41년 만에 변경된 로고와 새로운 항공기 도장을 공개했다. 대한항공 제공새 시아이와 로고 등을 반영한 통합 대한항공 ‘1호 항공기’는 이달 12일부터 일본 도쿄 나리타행 항공편으로 첫 투입된다. 대한항공은 앞으로 3∼4년에 걸쳐 대한항공과 아시아나항공이 보유한 전체 항공기 240대를 새로 도장할 계획이다. 기존 도장의 수명(3∼4년)이 다 된 항공기부터 순차적으로 대당 3억∼4억원을 들여 2∼3주간 격납고에 세워놓고 칠을 새로 하겠다는 얘기다. 대한항공과 아시아나항공 직원이 입을 새 유니폼은 양사 합병을 완료하는 오는 2027년 공개할 예정이다.기내 서비스도 개편했다. 앞으로 우등석(비즈니스 클래스)과 일등석(퍼스트 클래스)에선 국내 항공사 가운데 처음으로 기내식 반찬으로 김치를 제공하기로 했다. 그간 냄새와 좌석 오염 등을 고려해 김치를 주지 않았지만, 한식 유행 등에 발맞춰 방침을 바꿨다. 새 기내식을 담당하는 김세경 셰프는 “조 회장도 ‘김치를 제공하는 게 괜찮겠냐’고 4번이나 물어봤다”고 말했다.대한항공은 앞서 2020년 아시아나항공 인수를 발표하고 4년 만인 지난해 12월 아시아나를 자회사로 편입했다. 내년 말까지 2년간 별도 회사로 운용하며 노선과 인력과 조직 정비 등 양사 통합을 준비해야 한다. 조 회장은 “직원 처우 등에서 어느 한쪽을 우대하는 건 절대 없을 것”이라고 했다.통합 대한항공 앞에 놓인 과제는 아직 많다. 항공시장 지배력 강화로 인한 항공권 가격 인상 등을 염려하는 소비자가 많은 데다, 올해 상반기까지 아시아나항공 마일리지를 통합하기 위한 마일리지 전환 비율도 마련해야 해서다. 두 회사 산하의 진에어·에어부산·에어서울 등 저비용항공사(LCC) 3사의 통합 작업도 지역 사회의 요구가 다를 수 있어 만만치 않을 전망이다. 이에 대해 조 회장은 “인천공항을 취항하는 외국 항공사가 50여개로, 통합 대한항공을 독과점이라 지적하는 건 솔직히 이해가 안 된다”며 “(항공 운임 인상 등) 절대로 그런 일은 없을 것”라고 했다. 조 회장이 기자들을 만나 질의응답한 것은 2019년 11월 이후 5년 4개월 만이다.",2025.03.11.,중립
[단독] 한국타이어-람보르기니 '新밀월'… 조현범·윙켈만 또 만난다 [FN 모빌리티],https://n.news.naver.com/mnews/article/014/0005319616,"7월 강원 람보르기니 레이싱 개막6일 이어 넉달만에… 윙켈만 제안람보르기니에 타이어 공급 기대감한국타이어 브랜드 가치 상승 효과지난 6일 서울 광진구 파이팩토리 스튜디오에서 열린 람보르기니 신차 '데메라리오' 출시 행사에서 조현범 한국앤컴퍼니그룹 회장(왼쪽)이 스테판 윙켈만 람보르기니 회장(오른쪽) 등 관계자들과 대화하고 있다. 사진=권준호 기자조현범 한국앤컴퍼니그룹 회장과 스테판 윙켈만 람보르기니 회장이 오는 7월에 다시 만난다. 윙켈만 회장이 방한하는 방식으로, 강원도 인제에서 회동할 가능성이 높은 것으로 알려졌다. 이달에 이어 4개월 만에 만나는 것이어서 타이어 공급 협상이 한층 더 탄력을 받을 전망이다.11일 관련 업계에 따르면 윙켈만 회장은 오는 7월 방한해 조 회장을 만나기로 했다. 위치는 확정되지 않았지만, 이탈리아 슈퍼카 브랜드 오토모빌리 람보르기니 주관 레이싱 대회 '람보르기니 슈퍼 트로페오' 아시아 시리즈 4라운드 경기가 열리는 강원도 인제가 유력한 것으로 전해진다. 이와 관련, 조 회장은 ""윙켈만 회장이 (7월 한국에) 오신다고 했다""며 ""다만 상황이 어떻게 될지는 모른다. 스케줄을 한 번 봐야 한다""고 했다.앞서 조 회장과 윙켈만 회장은 지난 6일 서울 광진구에서 한 차례 회동했다. 이 자리에서 조 회장은 윙켈만 회장과 한국앤컴퍼니그룹과 람보르기니의 동맹 전략을 논의한 것으로 알려졌다. 구체적으로는 람보르기니 신차 한국타이어 공급, 모터스포츠 동맹 강화, 마케팅 협력 확대 등이 나온 것으로 전해졌다. 조 회장은 이날 기자들과 만나 ""폭스바겐그룹과 협업하고 있기 때문에 람보르기니와도 함께 할 가능성이 있다""며 ""롤스로이스에서 한온시스템을 쓰는 부분도 고려되지 않을까 싶다""고 했다.앞선 이달 만남을 조 회장이 주선했다면, 7월 만남은 윙켈만 회장이 제안했다는 후문이다. 윙켈만 회장은 ""(6일 만남은) 조현범 회장이 먼저 주선했다""고 말했다. 그는 행사 이후 조 회장에게 ""7월에 다시 보자""고 재차 강조했다.두 회장의 만남이 이어지면서 한국타이어와 람보르기니의 '밀월'도 깊어질 전망이다. 특히 타이어 공급 확대 기대감이 높아지고 있다. 한국타이어는 한국앤컴퍼니그룹 계열사로 지난 2023 시즌부터 우라칸 슈퍼 트로페오 에보2 차량에 고성능 레이싱 타이어 '벤투스'를 독점 공급하고 있다. 지난해에도 해당 대회에 참가하는 모든 람보르기니 차량이 벤투스를 공식 타이어로 장착하고 트랙을 질주했다. 한국타이어는 올해 동일하게 레이싱 타이어는 공급할 예정이지만, 시중에 판매하고 있는 일반 차량에는 아직 납품하지 못하고 있다.조 회장 입장에서는 공급 확대가 필요하다. 한국타이어의 람보르기니 일반 차량 납품은 곧 브랜드 가치 상승으로 이어지기 때문이다. 조 회장은 6일 기자들과 만나 ""한국타이어 브랜드 가치를 올리기 위해서는 람보르기니 같은 슈퍼카에 납품해야 한다""고 강조하기도 했다.한국앤컴퍼니그룹과 람보르기니 간 협력 분야도 지속 확장될 예정이다. 조 회장은 ""현재 모터 스포츠 대회도 같이 하고 있고, 또 다른 마케팅 협업도 가능할 것으로 본다""고 전했다.람보르기니도 한국 내 접점을 늘리고 있다. 올해 여름에는 부산 지역에 새롭게 쇼룸을 열기로 했다. 윙켈만 회장은 ""(쇼룸 관련) 이미 몇 가지 시안들을 받아보고 사진들을 보고 있다""고 말했다. 윙켈만 회장의 3월 방한은 2022년 이후 3년 만이다. 지난해 람보르기니의 한국 판매량은 487대로 479대를 기록한 모국 이탈리아를 넘어섰다.",2025.03.11.,긍정
삼성전자 소액주주 ‘500만’ 회복…저점 매수 심리 영향인듯,https://n.news.naver.com/mnews/article/016/0002440579,"5만원대 박스권 주가에도 1년새 49만명↑저점 매수 및 자사주 소각 발표 등 영향인 듯삼성전자 서초사옥 내 전경[헤럴드DB][헤럴드경제=김민지 기자] 삼성전자 주식을 보유한 소액주주 수가 1년 사이 49만명 가량 늘어나며 ‘국민주’의 자존심을 회복했다. 반도체 실적 악화에 주가가 박스권에 머물렀지만 저점 매수를 위한 개인투자자들이 늘어났기 때문으로 분석된다.11일 삼성전자가 공시한 사업보고서에 따르면, 지난해 12월 말 삼성전자 소액주주는 총 516만210명으로 집계됐다. 지난해 말 467만2039명과 비교해 48만8171명 증가했다. 6개월 전인 지난해 6월 말(424만7611명)과 비교하면 91만2599명 늘어났다.삼성전자 총발행 주식의 68.23%는 소액주주들이 보유하고 있다.지난해 초 7만9600원으로 고점을 찍었던 주가는 같은 해 3월 8만원 돌파 이후 다시 하락세에 접어들면서 주주 이탈이 가속하는 모습을 보였다. 현재 주가는 5만원대 박스권을 맴돌고 있다.그럼에도 주주 수가 증가한 건, 저점에서 매수하려는 개인투자자들이 늘어나고, 지난해 11월 삼성전자의 3조원 이상 자사주 소각을 결정하면서 주가 상승 기대심리가 작용했기 때문으로 풀이된다.삼성전자 소액주주는 주식 투자 열풍에 힘입어 2020년 말 215만3969명에서 2021년 말 506만6351명으로 1년 만에 2배 이상 급증한 데 이어 2022년 9월 600만명을 돌파했다. 이후 같은 해 4분기를 기점으로 점차 줄어드는 모습을 보였다.",2025.03.11.,긍정
[단독] 한화에너지 IPO 착수…그룹 승계작업 '가속',https://n.news.naver.com/mnews/article/015/0005104849,"상장 주관사 선정 작업 나서오너 3형제가 지분 100% 보유지주사 격인 한화 지배력 높여향후 두 회사를 합병한 뒤사업별 인적분할 가능성 거론한화 ""승계자금으로 활용 안해""▶마켓인사이트3월 11일 오전 11시 21분한화그룹 승계의 핵심 기업으로 꼽히는 한화에너지가 기업공개(IPO) 작업을 본격적으로 시작했다. 김승연 한화그룹 회장의 세 아들인 김동관·김동원·김동선이 지분 100%를 보유한 곳이다. 그룹 지주사 격인 ㈜한화의 오너 3세 지배력을 높이려는 포석으로 해석된다.◇삼형제 경영권 승계의 핵심11일 투자은행(IB)업계에 따르면 한화에너지는 주요 국내 증권사에 상장 주관사 선정을 위한 입찰 제안 요청서(RFP)를 배포했다. 증권사는 한화에너지 분석 및 공모 전략 수립에 들어간 것으로 알려졌다. 이르면 이번주 입찰 제안서가 제출되면 본격적인 주관사 선정 경쟁이 시작된다.한화에너지는 여수국가산업단지와 군산2국가산단에서 열병합발전소 기반 집단에너지 사업을 하는 곳이다. 해외 태양광과 전력 리테일 등 사업을 확대하고 있다. 수년간 한화임팩트, 한화파워시스템 등 계열사 및 태양광 사업 투자를 늘려 차입금 규모가 커지자 재무구조 개선을 위한 카드를 꺼낸 것으로 보인다. 한화에너지의 연결 순차입금은 2021년 말 2조7540억원에서 지난해 9월 말 4조4958억원으로 늘었다.한화에너지는 2021년 영업손실 235억원을 낸 이후 2022년 529억원 흑자로 전환했고, 2023년에는 2150억원 이익을 거뒀다. 작년에는 3분기까지 연결 기준 매출 3조9468억원, 영업이익 827억원을 올렸다. 전력 판매 가격이 비교적 높은 수준으로 유지되고 태양광 프로젝트 매각이 이뤄진 결과다.◇㈜한화 합병 후 분할하나한화에너지가 IPO에 나서며 김 회장의 세 아들인 김동관 한화그룹 부회장, 김동원 한화생명 사장, 김동선 한화호탤앤드리조트 부사장의 승계 작업이 급물살을 탈 것이란 전망이 나온다.한화에너지는 김동관 부회장이 지분 50%, 김동원 사장과 김동선 부사장이 각각 25%를 보유했다. 오너 일가가 지분을 전량 보유한 그룹 내 유일한 회사다.한화에너지는 그룹 지주사 격인 ㈜한화 지분 22.16%를 보유했다. 김승연 회장(지분율 22.65%)에 이은 2대주주다. 삼형제의 ㈜한화 지분율은 김동관 부회장 5.43%, 김동원 사장 2.14%, 김동선 부사장 2.17% 등이다.㈜한화는 지주사 요건을 갖추지 못했지만 한화에어로스페이스(33.95%), 한화생명(43.24%), 한화갤러리아(36.31%), 한화솔루션(36.31%), 한화호텔앤드리조트(49.8%) 등 핵심 계열사 지분을 보유하고 있다.한화에너지는 ㈜한화 지분을 꾸준히 늘리고 있다. 지난해 7월 공개매수를 통해 ㈜한화 지분 5.2%를 매입한 데 이어 12월에는 고려아연이 보유한 지분 7.25%를 추가로 확보했다. 작년 한화오션 지분을 매각해 약 9000억원의 현금을 손에 쥔 데 이어 IPO 공모 자금으로 ㈜한화 지분을 본격적으로 늘릴 것이란 전망이 나온다.재계에서는 한화에너지가 한화 지분을 늘린 뒤 합병하는 승계 시나리오가 거론된다. 두 회사를 합병한 뒤 삼형제가 맡은 사업별로 인적 분할하는 방식이다. 한화그룹은 김동관 부회장이 방산·조선·에너지, 김동원 사장이 금융, 김동선 부사장이 유통·로봇·반도체 장비 관련 계열사를 맡고 있다. 삼형제가 이번에 상장 과정에서 지분 일부를 매각해 추후 필요할 상속세 등 승계 자금을 마련할 가능성도 제기됐다. 시장 관계자는 “한화에너지가 비상장 회사인 만큼 합병 비율 산정이 쉽지 않았는데, 상장하면 이런 불확실성을 해소할 수 있다”며 “다만 한화에너지의 삼형제 지분율이 희석되는 만큼 상황에 따라 승계 전략 재검토가 이뤄질 수 있다”고 말했다.한화그룹 관계자는 “글로벌 에너지 기업으로서 필요한 경쟁력 강화, 미래 성장 동력 확보, 국내외 신인도 제고를 위해 IPO를 포함한 다양한 방안을 검토 중”이라며 “승계 자금으로 활용하거나 ㈜한화와 합병할 계획은 전혀 없다”고 말했다.",2025.03.11.,중립
"""중소형證 CEO는 플레잉코치, 벤치에 앉지 않는다""",https://n.news.naver.com/mnews/article/015/0005104848,"<성공, 꿈꾸지 말고 훔쳐라> 펴낸 임재택 한양증권 대표리스크 밀착 관리…우발채무 '0'영업이익 500억대 강소社 키워내""중소형사, 한번 사고나면 끝브레이크에 항상 발 올려놔야""임재택 한양증권 대표가 11일 영업이익 500억원대의 강소 증권사로 키운 경영 노하우를 설명하고 있다. /한양증권 제공“중소형 증권사 최고경영자(CEO)는 축구로 치면 ‘플레잉 코치’입니다. 벤치에 가만히 앉아 있어선 안 되고 끊임없이 그라운드 근처에서 선수들과 함께하며 호흡을 느껴야죠.”임재택 한양증권 대표(67)는 자타공인 중소형 증권사 경영의 ‘달인’이다. 서울 여의도고와 서울대 경영학과를 졸업한 그는 2013~2015년 아이엠투자증권(현 메리츠증권) 대표로 일한 뒤 2018년부터 한양증권을 이끌며 연평균 영업이익 500억원 이상의 강소 증권사로 키웠다. 다른 중소형사가 부동산 프로젝트파이낸싱(PF) 부실 등으로 적자 늪에 빠진 상황에서 일궈온 성과다.일흔을 앞둔 나이인데도 다음달 다올투자증권 대표로 새 출발을 한다. 확실한 경영 능력을 인정받은 덕분이다. 그사이 ‘인생 경영서’ <성공, 꿈꾸지 말고 훔쳐라>를 출간했다.임 대표는 11일 인터뷰에서 “시스템이 잘 갖춰진 대형사와 달리 중소형사 CEO는 회사와 사업을 구석구석 알고 있어야 한다”고 강조했다. 파일럿과 비슷하다고 했다. 대형 항공기는 조종사가 수치를 입력한 뒤 잠시 눈을 떼도 되지만 중소형 비행기는 모든 시야를 확보하고 주의를 기울이는 ‘시계 비행’이 필수다. 그는 “자기자본이 큰 대형사와 달리 중소형사는 한 번의 사고로 회복 불능에 빠질 수 있다”며 “CEO는 항상 ‘브레이크’에 발을 올려놓고 있어야 한다”고 조언했다.부동산 PF는 그런 관리 능력이 빛을 발한 대표적 예다. 임 대표는 “중소형 증권사에 부동산 PF는 포기할 수 없는 큰 시장”이라며 “위험 관리가 핵심인 이유”라고 강조했다. 일반 금융회사와 달리 그는 프로젝트 시작 단계부터 리스크 담당이 직접 관여하도록 했다. 영업팀에서 프로젝트의 장점만 부각한 보고가 올라오는 것을 막기 위해서다. 이익을 더 낼 수 있더라도 사전에 정한 보유 기한을 넘기면 예외 없이 재매각(셀다운)했다. 2022년 말 레고랜드 사태 당시 대다수 금융사가 위기에 처했을 때 한양증권이 ‘제로’에 가까운 우발채무를 기록한 배경이다.임 대표는 한양증권 이익의 70% 이상을 차지하는 기업금융·투자은행(IB) 분야에서도 중소형사 고유의 ‘디테일’을 강조했다. 7년 전 처음 부임했을 때 한양증권도 전통적인 ‘스킨십’(관계) 영업에 안주했다. 그는 “관계에만 의존하면 대형사가 남긴 먹이만 먹는 하이에나가 될 수밖에 없다”고 판단했다. 그래서 강조한 게 ‘컨설팅 영업’이다. 기업의 고민을 들은 뒤 이에 맞는 자금 조달 방법을 종합적으로 제시하는 식이다. 한양증권은 주식 채권 유동화 부문 등 내부 장벽을 없앤 ‘IB융복합부’를 꾸렸다. 그는 “기업이 겪고 있는 각기 다른 문제를 우리만의 해법으로 풀어주고, 이를 기업이 사는 방식”이라고 설명했다.일흔을 바라보는 나이지만 임 대표의 체력은 남다르다. ‘종교’라고 할 정도로 달리기에 빠진 덕이다. 작년 가을 30대 초반 직원들과 춘천마라톤대회에 참가해 풀코스를 완주했다. 그는 “조직 구성원과 함께 달리며 하나가 되려고 했다”며 “지금도 사내 문화 프로그램에는 반드시 참여하기 때문에 사생활이 없을 정도”라고 했다.",2025.03.11.,긍정
[기획] 25년전 닷컴 붕괴 평행이론?… M7 `테크버블` 불안,https://n.news.naver.com/mnews/article/029/0002940505,"나스닥 2년반만에 최대낙폭 보여관세戰 심화·AI투자 둔화 영향테슬라 하루만에 15%이상 급락최근 2년여간 상승랠리를 펼쳐 온 미국 뉴욕증시에서 조정 신호가 켜지자, 랠리를 주도해 온 기술주에 대한 우려가 커지고 있다. 일각에서는 25년 전 '닷컴버블'을 소환하며 '테크버블'을 경계하고 있다.11일 뉴욕증권거래소에서 기술주 중심의 나스닥 지수가 전장 대비 727.90포인트(4.00%) 급락했다. 미국이 금리인상을 시작했던 2022년 9월 13일(-5.16%) 이후 2년 반 만의 최대 낙폭이다.기술주 약세는 이미 지난달 시작됐다. 도널드 트럼프 대통령 당선 이후 급등세를 보이던 나스닥 지수는 지난해 12월 이후 급등과 급락을 반복하다 지난달 본격적인 내림세를 보였다.지난달 19일 20000을 넘었던 지수가 한 달도 되지 않아 17000대로 내려앉았다. 시장에서는 관세전쟁 심화와 인플레이션 우려 등 경기둔화 시그널, 인공지능(AI) 투자 둔화 등의 문제가 맞물리며 기술주 하락세가 이어지고 있는 것으로 보고 있다.통상 주가가 고점 대비 10% 이상 떨어지면 기술적 조정으로 본다. 나스닥은 이미 지난주 조정 국면에 진입했고, 하락을 시작한 이후 낙폭은 13% 수준이다.특히 상승 랠리를 가장 앞에서 주도해 온 '매그니피센트7'(M7)의 주가 하락이 가장 두드러졌다. 테슬라 주가는 이날 하루에만 15% 이상 빠졌고, 애플과 엔비디아, 메타, 마이크로소프트, 알파벳도 3~5% 수준의 낙폭을 기록했다.최근 고점과 비교하면 엔비디아는 30% 가까이 빠졌고, 테슬라 주가는 반토막났다. 공교롭게도 2000년 3월 10일(현지시간) '닷컴열풍'으로 급등했던 나스닥의 하락 전환이 시작된 날과 이날 대폭락이 동일한 날짜에 나타났다.당시 닷컴 열풍을 타고 5000을 넘었던 나스닥은 이날을 기점으로 하락 전환하며, 1년 뒤 2000선 아래까지 떨어졌다. 이후 1000~2000을 오가던 나스닥이 다시 상승세로 전환한 것은 10년이 지난 뒤였다.[연합뉴스]1998년에 시작된 닷컴열풍이 3년여 만에 막을 내린 것처럼, 2023년부터 시작된 빅테크 열풍도 막을 내리는 것 아니냐는 관측까지 나온다. 2023년 1월 10000선이었던 나스닥은 2년여 만에 2배 상승한 바 있다.당시 나스닥 지수 급등과 함께 과열 랠리에서 소외되는 것에 두려움을 느끼는 '포모'가 시장을 지배했고, 기업가치에 대한 평가가 아닌 투심에 의지한 상승장에 악재도 제대로 반영되지 않았다는 분석이다.닷컴버블 속 전 세계 시가총액 1위를 찍은 시스코시스템즈의 기업 가치가 매출의 38배까지 뛰어오른 것과 AI 대장주였던 엔비디아와 비견된다고 미 월스트리트저널(WSJ)은 짚었다. 지난해 엔비디아 시총은 매출의 56배였다.다만 현재와 닷컴버블이 정확히 일치하지는 않는다는 분석도 있다. 신생 기업들이 주도한 닷컴 버블과 달리 지금은 실제 수익이 발생하는 빅테크 종목들이 증시를 주도하고 있다는 것이다.닷컴 버블 붕괴와 2008년 금융위기 당시 증시 붕괴를 예측했던 금융 전문기자 짐 그랜트는 ""전형적인 버블의 모든 신호가 우리 앞에 있다""면서도 ""패턴은 비슷하지만 타이밍은 알 수 없다""고 말했다.",2025.03.11.,긍정
"삼성전자, 작년 중국 지역 매출 53.8% 급증...왜?",https://n.news.naver.com/mnews/article/031/0000915215,"2024년도 사업보고서 공시...64조9275억원 기록지역별로 미주 매출 넘어서...3조 이상 역전해미국 통제 대비 중국 기업 메모리 사재기 효과삼성전자의 지난해 중국 매출이 53.8% 급증한 64조9275억원으로 집계됐다.도널트 트럼프 미국 대통령 당선 후 '관세폭탄'을 염려한 중국 제조사들의 메모리 반도체 물량 확보에 나선 영향으로 풀이된다.삼성전자 서초사옥 전경. [사진=삼성]11일 삼성전자의 2024년도 사업보고서를 살펴보면, 회사는 지난해 중국에서 64조9275억원의 매출을 올렸다. 2023년(42조2007억원)보다 53.8%나 급증한 규모다.지난해 주요 지역별 매출은 △국내 20조2978억원 △미주 61조3533억원 △유럽 29조967억원 △아시아·아프리카 33조3769억원 △중국 64조9275억원으로 총 209조522억원이었다.중국 지역 매출은 2023년만해도 미주(51조934억원)에 크게 못미쳤지만, 지난해엔 3조원 이상 역전했다.삼성전자 중국 매출의 대부분을 반도체가 차지하는 만큼, 업계에선 트럼프 행정부의 관세정책 시행을 우려한 중국 고객사에서 미리 물량 확보에 나선 것 아니냐는 분석도 나온다.반도체 업계 한 관계자는 ""지난해 하반기부터 중국 고객사들의 물량 선 주문이 있었던 건 맞다""며 ""관세에 대비한 차원도 있고 중국 정부가 추진한 이구환신 운동의 영향으로 전자 제품 소비가 일정 부분 늘어난 면도 있다""고 설명했다.실제로 삼성전자의 주요 고객사에는 홍콩테크트로닉스, 슈프림일렉트로닉스가 포함된다. 이들은 홍콩에 기반을 둔 반도체 유통회사다. 중국 본토에 판매되는 반도체의 대부분을 이들이 책임지는 것으로 알려졌다.삼성전자의 지난해 메모리 평균 판매 가격도 약 63% 상승했다. 고대역폭메모리(HBM)를 포함한 고가의 메모리 판매가 늘었기 때문이다. 삼성전자는 지난해 DDR4와 같은 저가 제품 공급은 줄이고 DDR5 등 고가 라인업 판매에 주력해왔다.삼성전자는 지난해 반도체와 디스플레이 첨단공정 증설과 전환, 인프라 투자에 53조6000억원을 투자했다고 밝혔다.삼성전자는 ""메모리 차세대 기술 경쟁력 강화와 중장기 수요 대비를 위한 투자를 지속 추진했고, 시스템 반도체는 첨단노드 생산능력 확보를 위한 투자를 진행 중""이라고 설명했다.한편 삼성전자 주식을 보유한 소액주주 수도 지난해 500만명을 회복했다.지난해 12월 말 삼성전자의 소액주주는 총 516만210명으로 작년 말 467만2039명과 비교해 48만8171명 증가했다. 삼성전자 총발행 주식의 68.23%는 소액주주들이 보유하고 있다.",2025.03.11.,긍정
삼성전자 지난해 연봉킹 경계현 '80억'…한종희 '52억',https://n.news.naver.com/mnews/article/629/0000371749,"삼성전자 직원 평균 급여 1억3000만원11일 삼성전자가 공시한 사업보고서에 따르면 경계현 고문은 지난해 퇴직금 52억700만원을 포함해 총 80억3700만원을 수령했다. /경계현 고문 인스타그램삼성전자 지난해 연봉 1위는 디바이스솔루션(DS)부문을 이끌다 물러난 경계현 고문인 것으로 집계됐다. 현직으로는 한종희 디바이스경험(DX)부문장(부회장)이 가장 많은 연봉을 받았다.11일 삼성전자가 공시한 사업보고서에 따르면 경계현 고문은 지난해 급여 11억8800만원, 상여 14억5300만원, 퇴직금 52억700만원, 근로소득 1억2400만원 등 총 80억3700만원을 받았다. 삼성전자 임원 보수 중 가장 많은 수준이다. 경계현 고문은 삼성전자 반도체 사업을 맡고 있는 DS부문을 지휘하다, 지난해 5월 전영현 부회장에게 부문장직을 넘겼다.삼성전자는 경계현 고문의 연봉에 대해 ""임원 퇴직금 지급 규정에 의거, 퇴직 기준 급여 9900만원에 임원 근무 기간 16년, 지급 배수(1~3.5)를 곱해 산출했다""고 설명했다.대체로 퇴직자들이 고연봉자로 이름을 올렸다. 경계현 고문에 이어 이정배 상담역이 급여 9억9200만원, 퇴직금 41억1400만원 등 총 69억5000만원을, 최시영 상담역은 급여 9억3600만원, 퇴직금 41억5400만원 등 총 69억원을 받았다.한종희 삼성전자 부회장은 지난해 급여 16억1700만원, 상여 34억9200만원 등 총 52억4000만원을 받았다. /삼성전자재직 중인 임원 중에서는 한종희 부회장이 지난해 가장 많은 연봉을 받았다. 한종희 부회장은 급여 16억1700만원, 상여 34억9200만원 등 52억4000만원을 수령했다.삼성전자는 한종희 부회장의 상여에 대해 ""지난해 DX부문 매출액 174조9000억원, 영업이익 12조4000원을 달성한 점과 글로벌 지역별 성장 전략 수립, 제품 간 연결성 확대 등으로 사업 경쟁력 제고에 기여한 점을 고려해 산정했다""고 밝혔다.스마트폰 사업을 이끌고 있는 노태문 모바일경험(MX)사업부장(사장)은 지난해 급여 14억6300만원, 상여 35억2500만원 등 50억9800만원을 수령했다.한편, 지난해 삼성전자 직원은 남성 9만4416명, 여성 3만4430명 등 총 12만8846명으로 나타났다. 이들의 연간 급여 총액은 16조2712억원으로 1인 평균 급여액은 1억3000만원으로 집계됐다. 이는 2023년과 비교해 1000만원 증가한 수치다.발로 뛰는 더팩트는 24시간 여러분의 제보를 기다립니다.▶카카오톡: '더팩트제보' 검색▶이메일: jebo@tf.co.kr▶뉴스 홈페이지: http://talk.tf.co.kr/bbs/report/write",2025.03.11.,중립
美서 쫓겨나는 中배터리…韓기업 '기회의 땅' 다시 열린다,https://n.news.naver.com/mnews/article/015/0005104846,"CATL·BYD 구매 금지법 통과급성장한 ESS 시장 격변 예고中 저가 앞세워 물량 쓸어갔지만국내 기업에 주문 몰릴 가능성LG엔솔, ESS용 LFP 양산 돌입삼성SDI·SK온도 생산 앞둬미국 하원이 10일(현지시간) 중국산 배터리를 타깃으로 하는 ‘해외 적대국 배터리 의존도 감소법’을 통과시켰다. 미국 내 보안을 담당하는 국토안보부(DHS)의 자금이 들어간 경우 중국산 배터리를 사용하지 못하게 하거나 DHS가 승인권을 통해 구매를 금지하는 등 규제를 가할 수 있는 내용이다. 미국이 중국을 상대로 배터리 분야에서 첫 비관세 장벽을 세우는 것으로, 한국의 배터리 업체들이 반사이익을 볼 가능성이 크다는 분석이 나온다.150917-13 전상언미국 하원이 이날 통과시킨 해외 적대국 배터리 의존도 감소법의 대상은 CATL, BYD, 엔비전에너지, EVE, 하이튬에너지, 고션하이테크 등 6곳으로 모두 중국 배터리 선두 기업이다.법이 상원을 통과해 발효되면 2028년 10월부터 DHS와 관계된 미국 내 프로젝트 혹은 DHS 기금이 사용된 경우 중국 기업이 생산한 배터리 사용이 원천적으로 금지된다. CATL, BYD 등 6개 기업명이 법안에 직접 명시돼 있어 우회 수출도 불가능하다. 하원에서 여야 합의를 이룬 데다 대중국 제재를 강화해야 한다는 분위기가 의회 내 조성된 만큼 상원에서도 통과될 것으로 예상된다.이미 미국은 중국 배터리에 45%의 관세를 부과하고 있고, 전기차는 원천적으로 수입이 불가능하다. CATL 등 중국 기업들은 전기차를 제외한 에너지저장장치(ESS) 등 다른 배터리 분야에선 현지 생산기지 건설 등으로 관세를 우회하려 하고 있는데, 이번 법안과 같은 개별 기업 대상 규제가 강화되면 우회 시도가 무력화될 수 있다.규제 주체가 미국 내 배터리 프로젝트 대부분에 자금을 대는 에너지부(DOE)가 아니라 DHS여서 민간 기업의 구매 규제까지 이어지긴 힘들다는 해석도 있다. 하지만 미국 정부가 중국산 배터리 구매를 처음으로 규제하는 것이어서 향후 비관세 장벽이 추가로 이어질 가능성도 크다.국내 배터리업체 관계자는 “미국이 중국 배터리에 대한 비관세 장벽을 강화하는 분위기가 만들어지면 미국의 민간 기업도 리스크 회피 차원에서 탈중국 움직임이 나타날 수밖에 없다”고 말했다.미국에서 활발히 이뤄지는 ESS 프로젝트가 당장 영향을 받을 것으로 예상된다. 미국 전력사업자들은 그동안 중국산 태양광 발전기와 ESS 배터리를 대규모로 들여와 발전단지를 조성해 왔다. 미국 내 폭발하는 ESS 수요의 수혜를 대부분 중국이 가져간 것이다. 하지만 중국산 배터리를 규제하면 한국의 LG에너지솔루션, 삼성SDI, SK온이나 일본의 파나소닉 등으로 주문이 몰릴 가능성이 크다. LG에너지솔루션은 ESS용 리튬·인산철(LFP) 배터리 양산에 돌입했고 삼성SDI와 SK온도 LFP 생산을 앞두고 있다.",2025.03.11.,중립
